<?xml version="1.0" encoding="utf-8"?>
<theme id="monstermsh" name="Monsters Mayhem">
  <char id="posessed_doll" name="Posessed Doll" thumb="standing.swf" facing="left" default="standing.swf" motion="walking.swf" enable="Y" is_premium="N" aid="2" money="0" sharing="0">
    <category name="emotion">
      <action id="mad.swf" name="angry" loop="Y" totalframe="57" enable="Y" aid="3524"/>
      <action id="surprised.swf" name="surprised" loop="Y" totalframe="35" enable="Y" aid="3525"/>
      <action id="cry.swf" name="cry" loop="Y" totalframe="6" enable="Y" aid="3526"/>
      <action id="laugh.swf" name="happy" loop="Y" totalframe="6" enable="Y" aid="3527"/>
    </category>
    <action id="standing.swf" name="standing" loop="Y" totalframe="186" enable="Y" aid="3"/>
    <motion id="walking.swf" name="walking" loop="Y" totalframe="36" enable="Y" aid="4"/>
    <action id="snigger.swf" name="snigger" loop="Y" totalframe="4" enable="Y" aid="5"/>
    <action id="pull_head_off.swf" name="pull head off" loop="Y" totalframe="132" enable="Y" aid="3528"/>
    <action id="kiss.swf" name="kiss" loop="Y" totalframe="45" enable="Y" aid="3529"/>
    <action id="talking.swf" name="talk" loop="Y" totalframe="150" enable="Y" aid="3530"/>
    <facial id="head_angry.swf" name="angry" enable="Y" aid="3531"/>
    <facial id="head_cry.swf" name="cry" enable="Y" aid="3532"/>
    <facial id="head_happy.swf" name="happy" enable="Y" aid="3533"/>
    <facial id="head_sad.swf" name="sad" enable="Y" aid="3534"/>
    <facial id="head_talk.swf" name="talk" enable="Y" aid="3535"/>
    <facial id="head_talk_angry.swf" name="talk angry" enable="Y" aid="3536"/>
    <facial id="head_talk_cry.swf" name="talk cry" enable="Y" aid="3537"/>
    <facial id="head_think.swf" name="thinking" enable="Y" aid="3538"/>
    <facial id="head_turn_head.swf" name="turning" enable="Y" aid="3539"/>
    <facial id="head_default.swf" name="neutral" enable="Y" aid="8534"/>
  </char>
  <char id="Butcher_zombie" name="Zombie Butcher" thumb="standing.swf" facing="left" default="standing.swf" motion="walking.swf" enable="Y" is_premium="N" aid="3463" money="0" sharing="0">
    <category name="emotion">
      <action id="laugh.swf" name="happy" loop="Y" totalframe="9" enable="Y" aid="3466"/>
      <action id="sad.swf" name="sad" loop="Y" totalframe="75" enable="Y" aid="3467"/>
      <action id="surprised.swf" name="surprised" loop="Y" totalframe="55" enable="Y" aid="3468"/>
      <action id="confused.swf" name="confused" loop="Y" totalframe="112" enable="Y" aid="3469"/>
    </category>
    <action id="standing.swf" name="standing" loop="Y" totalframe="154" enable="Y" aid="3464"/>
    <motion id="walking.swf" name="walking" loop="Y" totalframe="49" enable="Y" aid="3465"/>
    <action id="to_scare.swf" name="frighten" loop="Y" totalframe="36" enable="Y" aid="3470"/>
    <action id="pointing.swf" name="point at" loop="Y" totalframe="107" enable="Y" aid="3471"/>
    <action id="talking.swf" name="talk" loop="Y" totalframe="100" enable="Y" aid="3472"/>
    <action id="chopping_mad.swf" name="mad chopping" loop="Y" totalframe="165" enable="Y" aid="3473"/>
    <facial id="head_angry.swf" name="angry" enable="Y" aid="3474"/>
    <facial id="head_cry.swf" name="cry" enable="Y" aid="3475"/>
    <facial id="head_laugh.swf" name="happy" enable="Y" aid="3476"/>
    <facial id="head_sad.swf" name="sad" enable="Y" aid="3477"/>
    <facial id="head_talk.swf" name="talk" enable="Y" aid="3478"/>
    <facial id="head_talk_angry.swf" name="talk angry" enable="Y" aid="3479"/>
    <facial id="head_talk_cry.swf" name="talk cry" enable="Y" aid="3480"/>
    <facial id="head_thinking.swf" name="thinking" enable="Y" aid="3481"/>
    <facial id="head_to_scare.swf" name="furious" enable="Y" aid="3482"/>
    <action id="rip_arm_off.swf" name="rip arm off" loop="Y" totalframe="137" enable="Y" aid="3678"/>
    <facial id="head_default.swf" name="neutral" enable="Y" aid="8535"/>
  </char>
  <char id="Frank" name="Frankie" thumb="standing.swf" facing="left" default="standing.swf" motion="walking.swf" enable="Y" is_premium="N" aid="3483" money="0" sharing="0">
    <category name="emotion">
      <action id="happy.swf" name="happy" loop="Y" totalframe="85" enable="Y" aid="3486"/>
      <action id="surprised.swf" name="surprised" loop="Y" totalframe="99" enable="Y" aid="3487"/>
      <action id="nervious.swf" name="scared" loop="Y" totalframe="9" enable="Y" aid="3488"/>
    </category>
    <action id="standing.swf" name="standing" loop="Y" totalframe="100" enable="Y" aid="3484"/>
    <motion id="walking.swf" name="walking" loop="Y" totalframe="52" enable="Y" aid="3485"/>
    <action id="mad.swf" name="frighten" loop="Y" totalframe="100" enable="Y" aid="3489"/>
    <action id="dancing.swf" name="dance" loop="Y" totalframe="46" enable="Y" aid="3490"/>
    <action id="talking.swf" name="talk" loop="Y" totalframe="50" enable="Y" aid="3491"/>
    <action id="kiss.swf" name="kiss" loop="Y" totalframe="70" enable="Y" aid="3492"/>
    <action id="play_guitar.swf" name="play guitar" loop="Y" totalframe="137" enable="Y" aid="3493"/>
    <facial id="head_angry.swf" name="angry" enable="Y" aid="3494"/>
    <facial id="head_cry.swf" name="cry" enable="Y" aid="3495"/>
    <facial id="head_happy.swf" name="happy" enable="Y" aid="3496"/>
    <facial id="head_sad.swf" name="sad" enable="Y" aid="3497"/>
    <facial id="head_talk.swf" name="talk" enable="Y" aid="3498"/>
    <facial id="head_talk_angry.swf" name="talk angry" enable="Y" aid="3499"/>
    <facial id="head_talk_cry.swf" name="talk cry" enable="Y" aid="3500"/>
    <facial id="head_thinking.swf" name="thinking" enable="Y" aid="3501"/>
    <facial id="head_default.swf" name="neutral" enable="Y" aid="8536"/>
  </char>
  <char id="Bitchy_Witchy" name="Bitchy Witchy" thumb="standing.swf" facing="left" default="standing.swf" motion="walking.swf" enable="Y" is_premium="N" aid="3502" money="0" sharing="0">
    <category name="emotion">
      <action id="happy.swf" name="happy" loop="Y" totalframe="11" enable="Y" aid="3505"/>
      <action id="confused.swf" name="confused" loop="Y" totalframe="200" enable="Y" aid="3506"/>
      <action id="angry.swf" name="angry" loop="Y" totalframe="125" enable="Y" aid="3507"/>
      <action id="surprised.swf" name="surprised" loop="Y" totalframe="32" enable="Y" aid="3508"/>
      <action id="mischievous.swf" name="mischievous" loop="Y" totalframe="24" enable="Y" aid="3509"/>
    </category>
    <action id="standing.swf" name="standing" loop="Y" totalframe="100" enable="Y" aid="3503"/>
    <motion id="walking.swf" name="walking" loop="Y" totalframe="26" enable="Y" aid="3504"/>
    <action id="pick_props.swf" name="pick up prop" loop="Y" totalframe="100" enable="Y" aid="3510"/>
    <action id="to_scare.swf" name="frighten" loop="Y" totalframe="105" enable="Y" aid="3511"/>
    <action id="talking.swf" name="talk" loop="Y" totalframe="105" enable="Y" aid="3512"/>
    <action id="kiss.swf" name="kiss" loop="Y" totalframe="88" enable="Y" aid="3513"/>
    <motion id="fly.swf" name="fly" loop="Y" totalframe="32" enable="Y" aid="3514"/>
    <facial id="head_angry.swf" name="angry" enable="Y" aid="3515"/>
    <facial id="head_chewing.swf" name="chewing" enable="Y" aid="3516"/>
    <facial id="head_cry.swf" name="cry" enable="Y" aid="3517"/>
    <facial id="head_happy.swf" name="happy" enable="Y" aid="3518"/>
    <facial id="head_sad.swf" name="sad" enable="Y" aid="3519"/>
    <facial id="head_talk.swf" name="talk" enable="Y" aid="3520"/>
    <facial id="head_talk_angry.swf" name="talk angry" enable="Y" aid="3521"/>
    <facial id="head_talk_cry.swf" name="talk cry" enable="Y" aid="3522"/>
    <facial id="head_thinking.swf" name="thinking" enable="Y" aid="3523"/>
    <facial id="head_default.swf" name="neutral" enable="Y" aid="8537"/>
  </char>
  <char id="Bride" name="Frankie's bride" thumb="standing.swf" facing="left" default="standing.swf" motion="walking.swf" enable="Y" is_premium="N" aid="3540" money="0" sharing="0">
    <category name="emotion">
      <action id="happy.swf" name="happy" loop="Y" totalframe="62" enable="Y" aid="3543"/>
      <action id="angry.swf" name="angry" loop="Y" totalframe="60" enable="Y" aid="3544"/>
      <action id="surprised.swf" name="surprised" loop="Y" totalframe="100" enable="Y" aid="3545"/>
    </category>
    <action id="standing.swf" name="standing" loop="Y" totalframe="100" enable="Y" aid="3541"/>
    <motion id="walking.swf" name="walking" loop="Y" totalframe="46" enable="Y" aid="3542"/>
    <action id="screaming.swf" name="scream" loop="Y" totalframe="52" enable="Y" aid="3546"/>
    <action id="dancing.swf" name="dance" loop="Y" totalframe="36" enable="Y" aid="3547"/>
    <action id="drinking.swf" name="drink" loop="Y" totalframe="60" enable="Y" aid="3548"/>
    <action id="talking.swf" name="talk" loop="Y" totalframe="100" enable="Y" aid="3549"/>
    <facial id="head_angry.swf" name="angry" enable="Y" aid="3550"/>
    <facial id="head_cry.swf" name="cry" enable="Y" aid="3551"/>
    <facial id="head_happy.swf" name="happy" enable="Y" aid="3552"/>
    <facial id="head_sad.swf" name="sad" enable="Y" aid="3553"/>
    <facial id="head_talk.swf" name="talk" enable="Y" aid="3554"/>
    <facial id="head_talk_angry.swf" name="talk angry" enable="Y" aid="3555"/>
    <facial id="head_talk_cry.swf" name="talk cry" enable="Y" aid="3556"/>
    <facial id="head_thinking.swf" name="thinking" enable="Y" aid="3557"/>
    <facial id="head_default.swf" name="neutral" enable="Y" aid="8538"/>
  </char>
  <char id="Dracula" name="Dracula" thumb="stand.swf" facing="left" default="stand.swf" motion="walk.swf" enable="Y" is_premium="N" aid="3558" money="0" sharing="0">
    <category name="emotion">
      <action id="sad.swf" name="sad" loop="Y" totalframe="113" enable="Y" aid="3561"/>
      <action id="angry.swf" name="angry" loop="Y" totalframe="50" enable="Y" aid="3562"/>
      <action id="shocked.swf" name="shock" loop="Y" totalframe="3" enable="Y" aid="3563"/>
      <action id="happy.swf" name="happy" loop="Y" totalframe="43" enable="Y" aid="3564"/>
      <action id="scheming.swf" name="scheming" loop="Y" totalframe="75" enable="Y" aid="3565"/>
      <action id="in_love.swf" name="in love" loop="Y" totalframe="69" enable="Y" aid="3566"/>
      <action id="bored.swf" name="bored" loop="Y" totalframe="130" enable="Y" aid="3567"/>
      <action id="confused.swf" name="confused" loop="Y" totalframe="98" enable="Y" aid="3568"/>
      <action id="desperate.swf" name="desperate" loop="Y" totalframe="9" enable="Y" aid="3569"/>
      <action id="excited.swf" name="excited" loop="Y" totalframe="43" enable="Y" aid="3570"/>
      <action id="furious.swf" name="furious" loop="Y" totalframe="180" enable="Y" aid="3571"/>
      <action id="shy.swf" name="shy" loop="Y" totalframe="24" enable="Y" aid="3572"/>
    </category>
    <action id="stand.swf" name="standing" loop="Y" totalframe="45" enable="Y" aid="3559"/>
    <motion id="walk.swf" name="walk" loop="Y" totalframe="18" enable="Y" aid="3560"/>
    <action id="sitting.swf" name="sitting" loop="Y" totalframe="100" enable="Y" aid="3573"/>
    <motion id="floating.swf" name="float" loop="Y" totalframe="30" enable="Y" aid="3574"/>
    <facial id="head_happy.swf" name="Happy" enable="Y" aid="3575"/>
    <facial id="head_angry.swf" name="Angry" enable="Y" aid="3576"/>
    <facial id="head_cry.swf" name="Cry" enable="Y" aid="3577"/>
    <facial id="head_talk.swf" name="Talk" enable="Y" aid="3578"/>
    <facial id="head_neutral.swf" name="neutral" enable="Y" aid="8539"/>
  </char>
  <char id="ghost_pirate" name="Ghost Pirate" thumb="standing.swf" facing="left" default="standing.swf" motion="walking.swf" enable="Y" is_premium="N" aid="3661" money="0" sharing="0">
    <category name="emotion">
      <action id="angry.swf" name="angry" loop="Y" totalframe="52" enable="Y" aid="3664"/>
      <action id="scared.swf" name="scared" loop="Y" totalframe="43" enable="Y" aid="3665"/>
      <action id="surprised.swf" name="surprised" loop="Y" totalframe="100" enable="Y" aid="3666"/>
    </category>
    <action id="standing.swf" name="standing" loop="Y" totalframe="23" enable="Y" aid="3662"/>
    <motion id="walking.swf" name="walk" loop="Y" totalframe="23" enable="Y" aid="3663"/>
    <action id="dance.swf" name="dance" loop="Y" totalframe="60" enable="Y" aid="3667"/>
    <action id="frighten.swf" name="frighten" loop="Y" totalframe="53" enable="Y" aid="3668"/>
    <action id="kiss.swf" name="kiss" loop="Y" totalframe="100" enable="Y" aid="3669"/>
    <action id="talk.swf" name="talk" loop="Y" totalframe="87" enable="Y" aid="3670"/>
    <action id="taunt.swf" name="taunt" loop="Y" totalframe="28" enable="Y" aid="3671"/>
    <facial id="head_cry.swf" name="cry" enable="Y" aid="3672"/>
    <facial id="head_happy.swf" name="happy" enable="Y" aid="3673"/>
    <facial id="head_sad.swf" name="sad" enable="Y" aid="3674"/>
    <facial id="head_talk_angry.swf" name="talk angry" enable="Y" aid="3675"/>
    <facial id="head_talk_cry.swf" name="talk cry" enable="Y" aid="3676"/>
    <facial id="head_think.swf" name="thinking" enable="Y" aid="3677"/>
    <facial id="head_default.swf" name="neutral" enable="Y" aid="8540"/>
  </char>
  <background id="evil_lair_bg.swf" name="evil_lair" enable="N" is_premium="N" aid="3579" money="0" sharing="0"/>
  <background id="cemetery_bg.swf" name="cemetery" enable="N" is_premium="N" aid="3580" money="0" sharing="0"/>
  <background id="graveyard_bg.swf" name="Graveyard" enable="N" is_premium="N" aid="3581" money="0" sharing="0"/>
  <background id="spooky_lab_bg.swf" name="Spooky Lab" enable="N" is_premium="N" aid="3582" money="0" sharing="0"/>
  <background id="witch_house_bg.swf" name="witch house" enable="N" is_premium="N" aid="3583" money="0" sharing="0"/>
  <compositebg id="witch_house" name="witch house" thumb="witch_house.jpg" enable="Y" default="Y" is_premium="N" aid="3584" money="0" sharing="0">
  <bg id="BG1" index="0">
    <file>monstermsh.witch_house_bg.swf</file>
  </bg>
  <prop id="PROP0" index="2">
    <file>monstermsh.witch_house_fence.swf</file>
    <x>490.2</x>
    <y>351</y>
    <xscale>1</xscale>
    <yscale>1</yscale>
    <face>1</face>
    <rotation>0</rotation>
  </prop>
</compositebg>
  <compositebg id="spooky_lab" name="Spooky Lab" thumb="spooky_lab.jpg" enable="Y" is_premium="N" aid="3585" money="0" sharing="0">
  <bg id="spooky_lab_BG2" index="0">
    <file>monstermsh.spooky_lab_bg.swf</file>
  </bg>
  <prop id="spooky_lab_PROP0" index="2">
    <file>monstermsh.spooky_lab_table.swf</file>
    <x>189.2</x>
    <y>273</y>
    <xscale>1</xscale>
    <yscale>1</yscale>
    <face>1</face>
    <rotation>0</rotation>
  </prop>
</compositebg>
  <compositebg id="evil_lair" name="Evil Lair" thumb="evil_lair.jpg" enable="Y" is_premium="N" aid="3586" money="0" sharing="0">
  <bg id="evil_lair_BG2" index="0">
    <file>monstermsh.evil_lair_bg.swf</file>
  </bg>
  <prop id="evil_lair_PROP0" index="2">
    <file>monstermsh.evil_lair_chair.swf</file>
    <x>312.2</x>
    <y>252</y>
    <xscale>1</xscale>
    <yscale>1</yscale>
    <face>1</face>
    <rotation>0</rotation>
  </prop>
  <prop id="evil_lair_PROP1" index="3">
    <file>monstermsh.evil_lair_torture_table.swf</file>
    <x>520.2</x>
    <y>365</y>
    <xscale>1</xscale>
    <yscale>1</yscale>
    <face>1</face>
    <rotation>0</rotation>
  </prop>
  <prop id="evil_lair_PROP2" index="4">
    <file>monstermsh.evil_lair_rotating_saw.swf</file>
    <x>534.2</x>
    <y>331</y>
    <xscale>1</xscale>
    <yscale>1</yscale>
    <face>1</face>
    <rotation>0</rotation>
  </prop>
</compositebg>
  <compositebg id="cemetery" name="cemetery" thumb="cemetery.jpg" enable="Y" is_premium="N" aid="3587" money="0" sharing="0">
  <bg id="cemetery_BG5" index="0">
    <file>monstermsh.cemetery_bg.swf</file>
  </bg>
  <prop id="cemetery_PROP0" index="2">
    <file>monstermsh.cemetery_gravestone.swf</file>
    <x>222.8</x>
    <y>313.9</y>
    <xscale>1</xscale>
    <yscale>1</yscale>
    <face>1</face>
    <rotation>0</rotation>
  </prop>
</compositebg>
  <compositebg id="graveyard" name="Graveyard" thumb="graveyard.jpg" enable="Y" is_premium="N" aid="3588" money="0" sharing="0">
  <bg id="graveyard_BG3" index="0">
    <file>monstermsh.graveyard_bg.swf</file>
  </bg>
  <prop id="graveyard_PROP0" index="2">
    <file>monstermsh.graveyard_grave.swf</file>
    <x>299.2</x>
    <y>267</y>
    <xscale>1</xscale>
    <yscale>1</yscale>
    <face>1</face>
    <rotation>0</rotation>
  </prop>
</compositebg>
  <prop id="axe.swf" name="Axe" holdable="1" placeable="1" wearable="0" facing="left" thumb="" enable="Y" is_premium="N" aid="3589" money="0" sharing="0"/>
  <prop id="sereved_arm.swf" name="Sereved Arm" holdable="1" placeable="1" wearable="0" facing="left" thumb="" enable="Y" is_premium="N" aid="3601" money="0" sharing="0"/>
  <prop id="sword.swf" name="Sword" holdable="1" placeable="1" wearable="0" facing="left" thumb="" enable="Y" is_premium="N" aid="3602" money="0" sharing="0"/>
  <prop id="evil_lair_torture_table.swf" name="Torture Table" holdable="0" placeable="1" wearable="0" facing="left" thumb="" enable="Y" is_premium="N" aid="3603" money="0" sharing="0"/>
  <prop id="evil_lair_rotating_saw.swf" name="Rotating Saw" holdable="0" placeable="1" wearable="0" facing="left" thumb="" enable="Y" is_premium="N" aid="3604" money="0" sharing="0"/>
  <prop id="evil_lair_chair.swf" name="" holdable="0" placeable="1" wearable="0" facing="left" thumb="" enable="N" is_premium="N" aid="3605" money="0" sharing="0"/>
  <prop id="cemetery_gravestone.swf" name="cemetery gravestone" holdable="0" placeable="1" wearable="0" facing="left" thumb="" enable="N" is_premium="N" aid="3606" money="0" sharing="0"/>
  <prop id="spooky_lab_table.swf" name="Lab Table" holdable="0" placeable="1" wearable="0" facing="left" thumb="" enable="Y" is_premium="N" aid="3607" money="0" sharing="0"/>
  <prop id="graveyard_grave.swf" name="Graveyard grave" holdable="0" placeable="1" wearable="0" facing="left" thumb="" enable="N" is_premium="N" aid="3608" money="0" sharing="0"/>
  <prop id="poison_apple.swf" name="Poison Apple" holdable="1" placeable="1" wearable="0" facing="left" thumb="" enable="Y" is_premium="N" aid="3600" money="0" sharing="0"/>
  <prop id="omelet.swf" name="Omelet" holdable="0" placeable="1" wearable="0" facing="left" thumb="" enable="Y" is_premium="N" aid="3599" money="0" sharing="0"/>
  <prop id="buffoon_mask.swf" name="Buffoon Mask" holdable="0" placeable="1" wearable="1" facing="left" thumb="" enable="Y" is_premium="N" aid="3598" money="0" sharing="0"/>
  <prop id="broom.swf" name="Broom" holdable="1" placeable="1" wearable="0" facing="left" thumb="" enable="Y" is_premium="N" aid="3590" money="0" sharing="0"/>
  <prop id="candle.swf" name="Candle" holdable="1" placeable="1" wearable="0" facing="left" thumb="" enable="Y" is_premium="N" aid="3591" money="0" sharing="0"/>
  <prop id="candy.swf" name="Candy" holdable="1" placeable="1" wearable="0" facing="left" thumb="" enable="Y" is_premium="N" aid="3592" money="0" sharing="0"/>
  <prop id="candy_bag.swf" name="Candy Bag" holdable="1" placeable="1" wearable="0" facing="left" thumb="" enable="Y" is_premium="N" aid="3593" money="0" sharing="0"/>
  <prop id="evil_pumpkin.swf" name="Evil Pumpkin" holdable="0" placeable="1" wearable="0" facing="left" thumb="" enable="Y" is_premium="N" aid="3594" money="0" sharing="0"/>
  <prop id="pumpkin_candle.swf" name="Pumpkin Candle" holdable="0" placeable="1" wearable="0" facing="left" thumb="" enable="Y" is_premium="N" aid="3595" money="0" sharing="0"/>
  <prop id="ghost_mask.swf" name="Ghost Mask" holdable="0" placeable="1" wearable="1" facing="left" thumb="" enable="Y" is_premium="N" aid="3596" money="0" sharing="0"/>
  <prop id="bat_mask.swf" name="Bat Mask" holdable="0" placeable="1" wearable="1" facing="left" thumb="" enable="Y" is_premium="N" aid="3597" money="0" sharing="0"/>
  <prop id="witch_house_fence.swf" name="Witch house fence" holdable="0" placeable="1" wearable="0" facing="left" thumb="" enable="N" is_premium="N" aid="3609" money="0" sharing="0"/>
  <effect id="zoom" x="0" y="0" w="140" h="90" rotate="0" type="ZOOM" resize="true" move="true" name="Zoom" enable="N" is_premium="N" aid="3610" money="0" sharing="0"/>
  <effect id="aud-clap.swf" type="ANIME" resize="false" move="false" name="Clap" enable="N" is_premium="N" aid="3627" money="0" sharing="0"/>
  <effect id="black_all.swf" type="ANIME" resize="false" move="false" name="Darkness" enable="N" is_premium="N" aid="3628" money="0" sharing="0"/>
  <effect id="black_bar.swf" type="ANIME" resize="false" move="false" name="Black Bar" enable="N" is_premium="N" aid="3629" money="0" sharing="0"/>
  <effect id="blue_screen.swf" type="ANIME" resize="false" move="false" name="Blue Screen" enable="N" is_premium="N" aid="3630" money="0" sharing="0"/>
  <effect id="circle_fade_out.swf" type="ANIME" resize="false" move="false" name="Circle Fade Out" enable="N" is_premium="N" aid="3631" money="0" sharing="0"/>
  <effect id="fade_in.swf" type="ANIME" resize="false" move="false" name="Fade In" enable="N" is_premium="N" aid="3632" money="0" sharing="0"/>
  <effect id="fade_out.swf" type="ANIME" resize="false" move="false" name="Fade Out" enable="N" is_premium="N" aid="3633" money="0" sharing="0"/>
  <effect id="flash_light01.swf" type="ANIME" resize="false" move="false" name="Flash Light" enable="N" is_premium="N" aid="3634" money="0" sharing="0"/>
  <effect id="gnn_news.swf" type="ANIME" resize="false" move="false" name="GNN News" enable="N" is_premium="N" aid="3635" money="0" sharing="0"/>
  <effect id="green_screen.swf" type="ANIME" resize="false" move="false" name="Green Screen" enable="N" is_premium="N" aid="3636" money="0" sharing="0"/>
  <effect id="ppl01.swf" type="ANIME" resize="false" move="false" name="People" enable="N" is_premium="N" aid="3637" money="0" sharing="0"/>
  <effect id="bomb.swf" type="ANIME" resize="false" move="false" name="Bomb" enable="N" is_premium="N" aid="3638" money="0" sharing="0"/>
  <effect id="water_flood.swf" type="ANIME" resize="false" move="false" name="Water Flood" enable="N" is_premium="N" aid="3639" money="0" sharing="0"/>
  <effect id="aud-banner.swf" type="ANIME" resize="false" move="false" name="Banner" enable="N" is_premium="N" aid="3626" money="0" sharing="0"/>
  <effect id="aud-01.swf" type="ANIME" resize="false" move="false" name="Auditorium" enable="N" is_premium="N" aid="3625" money="0" sharing="0"/>
  <effect id="atomic-bomb.swf" type="ANIME" resize="false" move="false" name="Atomic Bomb" enable="N" is_premium="N" aid="3624" money="0" sharing="0"/>
  <effect id="cut" x="0" y="0" w="140" h="90" rotate="0" type="ZOOM" resize="true" move="true" name="Cut" enable="N" isCut="true" is_premium="N" aid="3611" money="0" sharing="0"/>
  <effect id="earthquake" x="0" y="0" w="550" h="354" rotate="0" type="EARTHQUAKE" resize="false" move="false" name="Earthquake" enable="N" is_premium="N" aid="3612" money="0" sharing="0"/>
  <effect id="upsideDown" x="0" y="0" w="550" h="354" rotate="0" type="UPSIDEDOWN" resize="false" move="false" name="Upside Down" enable="N" is_premium="N" aid="3613" money="0" sharing="0"/>
  <effect id="firework" x="0" y="0" w="550" h="354" rotate="0" type="FIREWORK" resize="false" move="false" name="Firework" enable="N" is_premium="N" aid="3614" money="0" sharing="0"/>
  <effect id="firespring" x="0" y="0" w="550" h="354" rotate="0" type="FIRESPRING" resize="false" move="false" name="Fire Spring" enable="N" is_premium="N" aid="3615" money="0" sharing="0"/>
  <effect id="fire.swf" type="ANIME" resize="false" move="false" name="BBQ" enable="N" is_premium="N" aid="3616" money="0" sharing="0"/>
  <effect id="lightening.swf" type="ANIME" resize="false" move="false" name="Lightning" enable="N" is_premium="N" aid="3617" money="0" sharing="0"/>
  <effect id="snow.swf" type="ANIME" resize="false" move="false" name="Snow" enable="N" is_premium="N" aid="3618" money="0" sharing="0"/>
  <effect id="hyper_snow.swf" type="ANIME" resize="false" move="false" name="Hyper Snow" enable="N" is_premium="N" aid="3619" money="0" sharing="0"/>
  <effect id="snow01.swf" type="ANIME" resize="false" move="false" name="Snow01" enable="N" is_premium="N" aid="3620" money="0" sharing="0"/>
  <effect id="snow02.swf" type="ANIME" resize="false" move="false" name="Snow02" enable="N" is_premium="N" aid="3621" money="0" sharing="0"/>
  <effect id="old_film_effect.swf" type="ANIME" resize="false" move="false" name="Old Film" enable="N" is_premium="N" aid="3622" money="0" sharing="0"/>
  <effect id="hearts.swf" type="ANIME" resize="false" move="false" name="Heart" enable="N" is_premium="N" aid="3623" money="0" sharing="0"/>
  <effect id="DV_screen.swf" type="ANIME" resize="false" move="false" name="DV Screen" enable="N" is_premium="N" aid="3640" money="0" sharing="0"/>
</theme>
