<theme id="ugc" name="Community Library"><prop id="102adcd.png" enc_asset_id="102adcd.png" name="pasted" holdable="0" wearable="0" placeable="1" published="1" facing="left" subtype="none"><tags></tags></prop><prop id="6fb4f3f.png" enc_asset_id="6fb4f3f.png" name="pasted" holdable="0" wearable="0" placeable="1" published="1" facing="left" subtype="none"><tags></tags></prop><prop id="7a3fb72.swf" enc_asset_id="7a3fb72.swf" name="PACMANMovement.swf" holdable="0" wearable="0" placeable="1" published="1" facing="left" subtype="none"><tags></tags></prop><prop id="a3718aa.swf" enc_asset_id="a3718aa.swf" name="PACMANMovement2.swf" holdable="0" wearable="0" placeable="1" published="1" facing="left" subtype="none"><tags></tags></prop><prop id="043c3c7.png" enc_asset_id="043c3c7.png" name="Glitched Jessica" holdable="0" wearable="0" placeable="1" published="1" facing="left" subtype="none"><tags></tags></prop><prop id="cff9184.swf" enc_asset_id="cff9184.swf" name="Ivey" holdable="0" wearable="0" placeable="1" published="1" facing="left" subtype="none"><tags></tags></prop><prop id="a7a1dda.png" enc_asset_id="a7a1dda.png" name="latest" holdable="0" wearable="0" placeable="1" published="1" facing="left" subtype="none"><tags></tags></prop><prop id="85ab735.png" enc_asset_id="85ab735.png" name="guyis_fine" holdable="0" wearable="0" placeable="1" published="1" facing="left" subtype="none"><tags></tags></prop><prop id="e548a77.png" enc_asset_id="e548a77.png" name="goals" holdable="0" wearable="0" placeable="1" published="1" facing="left" subtype="none"><tags></tags></prop><prop id="66869ee.png" enc_asset_id="66869ee.png" name="Calliope" holdable="0" wearable="0" placeable="1" published="1" facing="left" subtype="none"><tags></tags></prop><prop id="1810a06.png" enc_asset_id="1810a06.png" name="Caliborn angey" holdable="0" wearable="0" placeable="1" published="1" facing="left" subtype="none"><tags></tags></prop><prop id="18a6119.jpg" enc_asset_id="18a6119.jpg" name="aaaaaa" holdable="0" wearable="0" placeable="1" published="1" facing="left" subtype="none"><tags></tags></prop><prop id="99b920c.png" enc_asset_id="99b920c.png" name="JaxsonHOPE" holdable="0" wearable="0" placeable="1" published="1" facing="left" subtype="none"><tags></tags></prop><background id="28e248b.jpg" enc_asset_id="28e248b.jpg" name="Liminal" published="1"><tags></tags></background><background id="66b46fc.jpg" enc_asset_id="66b46fc.jpg" name="Liminal Basement" published="1"><tags></tags></background><background id="8d558f0.jpg" enc_asset_id="8d558f0.jpg" name="Liminal space (9)" published="1"><tags></tags></background><background id="703ba1f.jpg" enc_asset_id="703ba1f.jpg" name="School Liminal" published="1"><tags></tags></background><background id="b03d268.jpg" enc_asset_id="b03d268.jpg" name="Liminal.png" published="1"><tags></tags></background><background id="1f7fb3e.jpg" enc_asset_id="1f7fb3e.jpg" name="Liminal Space 2.png" published="1"><tags></tags></background><background id="8020ada.jpg" enc_asset_id="8020ada.jpg" name="Liminal Spaces" published="1"><tags></tags></background><background id="18bb35b.jpg" enc_asset_id="18bb35b.jpg" name="Liminal Fisher" published="1"><tags></tags></background><background id="a932b89.jpg" enc_asset_id="a932b89.jpg" name="Liminal space.jpg" published="1"><tags></tags></background><prop id="5d4a8ff.png" enc_asset_id="5d4a8ff.png" name="scared Stan" holdable="0" wearable="0" placeable="1" published="1" facing="left" subtype="none"><tags></tags></prop><prop id="c27b60c.swf" enc_asset_id="c27b60c.swf" name="puff face foward" holdable="0" wearable="0" placeable="1" published="1" facing="left" subtype="none"><tags></tags></prop><prop id="d37614b.png" enc_asset_id="d37614b.png" name="scared Eric" holdable="0" wearable="0" placeable="1" published="1" facing="left" subtype="none"><tags></tags></prop><prop id="177346e.png" enc_asset_id="177346e.png" name="scared Kyle" holdable="0" wearable="0" placeable="1" published="1" facing="left" subtype="none"><tags></tags></prop><prop id="268602c.png" enc_asset_id="268602c.png" name="ButtersStotch (2).png" holdable="0" wearable="0" placeable="1" published="1" facing="left" subtype="none"><tags></tags></prop><prop id="7bf8577.png" enc_asset_id="7bf8577.png" name="Tesla model S" holdable="0" wearable="0" placeable="1" published="1" facing="left" subtype="none"><tags></tags></prop><background id="df86fdd.jpg" enc_asset_id="df86fdd.jpg" name="LIMINAL BASEMENT" published="1"><tags></tags></background><prop id="b6a4c6e.png" enc_asset_id="b6a4c6e.png" name="scared kenny" holdable="0" wearable="0" placeable="1" published="1" facing="left" subtype="none"><tags></tags></prop><prop id="a74f2dd.png" enc_asset_id="a74f2dd.png" name="alan" holdable="0" wearable="0" placeable="1" published="1" facing="left" subtype="none"><tags></tags></prop><background id="9ab62ae.jpg" enc_asset_id="9ab62ae.jpg" name="LIMINAL SPACESSSSS" published="1"><tags></tags></background><prop id="81c6840.jpg" enc_asset_id="81c6840.jpg" name="14_10_0451_Edit_1-1-204060311.png" holdable="0" wearable="0" placeable="1" published="1" facing="left" subtype="none"><tags></tags></prop><prop id="bd40264.png" enc_asset_id="bd40264.png" name="testla-road.png" holdable="0" wearable="0" placeable="1" published="1" facing="left" subtype="none"><tags></tags></prop><prop id="ee7ac97.png" enc_asset_id="ee7ac97.png" name="Mack-Pinnacle-Side-View.png" holdable="0" wearable="0" placeable="1" published="1" facing="left" subtype="none"><tags></tags></prop><prop id="3a20db7.png" enc_asset_id="3a20db7.png" name="japanese" holdable="0" wearable="0" placeable="1" published="1" facing="left" subtype="none"><tags></tags></prop><prop id="1e90557.png" enc_asset_id="1e90557.png" name="2012 black lvm" holdable="0" wearable="0" placeable="1" published="1" facing="left" subtype="none"><tags></tags></prop><prop id="5d4a8ff.png" enc_asset_id="5d4a8ff.png" name="scared Stan" holdable="0" wearable="0" placeable="1" published="1" facing="left" subtype="none"><tags></tags></prop><prop id="c3d3090.png" enc_asset_id="c3d3090.png" name="Screen Shot 2023-02-11 at 16.48.10.png" holdable="0" wearable="0" placeable="1" published="1" facing="left" subtype="none"><tags></tags></prop><background id="032d23d.jpg" enc_asset_id="032d23d.jpg" name="maxresdefault.jpg" published="1"><tags></tags></background><background id="ac06169.png" enc_asset_id="ac06169.png" name="Make it (into the folder)" published="1"><tags></tags></background><background id="eda2515.jpg" enc_asset_id="eda2515.jpg" name="Liminal" published="1"><tags></tags></background><background id="a8cc641.png" enc_asset_id="a8cc641.png" name="Screen-Shot-2020-09-13-at-11.39.46-2827997902.jpg" published="1"><tags></tags></background><background id="8fe19e5.jpg" enc_asset_id="8fe19e5.jpg" name="17_0287_01_PCCBurien_N8_medium-3775901853.jpg" published="1"><tags></tags></background><prop id="2dabed9.jpg" enc_asset_id="2dabed9.jpg" name="IMG_1750.jpg" holdable="0" wearable="0" placeable="1" published="1" facing="left" subtype="none"><tags></tags></prop><prop id="ca3bcce.png" enc_asset_id="ca3bcce.png" name="Wrapper Classic Logo" holdable="0" wearable="0" placeable="1" published="1" facing="left" subtype="none"><tags></tags></prop><prop id="15cf1b9.swf" enc_asset_id="15cf1b9.swf" name="Arvey" holdable="0" wearable="0" placeable="1" published="1" facing="left" subtype="none"><tags></tags></prop><prop id="e39feab.swf" enc_asset_id="e39feab.swf" name="DAVE" holdable="0" wearable="0" placeable="1" published="1" facing="left" subtype="none"><tags></tags></prop><prop id="464138b.swf" enc_asset_id="464138b.swf" name="Dave Insanity" holdable="0" wearable="0" placeable="1" published="1" facing="left" subtype="none"><tags></tags></prop><prop id="c34a254.png" enc_asset_id="c34a254.png" name="comm" holdable="0" wearable="0" placeable="1" published="1" facing="left" subtype="none"><tags></tags></prop><background id="5f4d689.jpg" enc_asset_id="5f4d689.jpg" name="South Park Bus stop" published="1"><tags></tags></background><prop id="293283b.png" enc_asset_id="293283b.png" name="Stan" holdable="0" wearable="0" placeable="1" published="1" facing="left" subtype="none"><tags></tags></prop><prop id="8cf128d.png" enc_asset_id="8cf128d.png" name="Kyle" holdable="0" wearable="0" placeable="1" published="1" facing="left" subtype="none"><tags></tags></prop><prop id="dfa8d4f.png" enc_asset_id="dfa8d4f.png" name="Kenny" holdable="0" wearable="0" placeable="1" published="1" facing="left" subtype="none"><tags></tags></prop><prop id="c849287.png" enc_asset_id="c849287.png" name="Cartman" holdable="0" wearable="0" placeable="1" published="1" facing="left" subtype="none"><tags></tags></prop><prop id="b3898d7.jpg" enc_asset_id="b3898d7.jpg" name="Liminal?" holdable="0" wearable="0" placeable="1" published="1" facing="left" subtype="none"><tags></tags></prop><prop id="50b1cf3.png" enc_asset_id="50b1cf3.png" name="FlashThemes.png" holdable="0" wearable="0" placeable="1" published="1" facing="left" subtype="none"><tags></tags></prop><prop id="d85d2c4.jpg" enc_asset_id="d85d2c4.jpg" name="bharvey.jpg" holdable="0" wearable="0" placeable="1" published="1" facing="left" subtype="none"><tags></tags></prop><background id="c802ac1.jpg" enc_asset_id="c802ac1.jpg" name="487534.jpg" published="1"><tags></tags></background><background id="f9719c0.jpg" enc_asset_id="f9719c0.jpg" name="157542.jpg" published="1"><tags></tags></background><background id="b047fc8.png" enc_asset_id="b047fc8.png" name="26158919.png" published="1"><tags></tags></background><background id="72c10e0.jpg" enc_asset_id="72c10e0.jpg" name="126194754.jpg" published="1"><tags></tags></background><background id="92f0163.jpg" enc_asset_id="92f0163.jpg" name="52161696.jpg" published="1"><tags></tags></background><background id="a045486.png" enc_asset_id="a045486.png" name="122208192.png" published="1"><tags></tags></background><background id="24dfb71.png" enc_asset_id="24dfb71.png" name="101679783.png" published="1"><tags></tags></background><background id="94128d7.png" enc_asset_id="94128d7.png" name="100822332.png" published="1"><tags></tags></background><background id="ba73fe1.jpg" enc_asset_id="ba73fe1.jpg" name="69762893.jpg" published="1"><tags></tags></background><background id="3ac2ae1.jpg" enc_asset_id="3ac2ae1.jpg" name="19365479.jpg" published="1"><tags></tags></background><prop id="fbf7eda.png" enc_asset_id="fbf7eda.png" name="South Park" holdable="0" wearable="0" placeable="1" published="1" facing="left" subtype="none"><tags></tags></prop><prop id="82eb080.png" enc_asset_id="82eb080.png" name="Computer" holdable="0" wearable="0" placeable="1" published="1" facing="left" subtype="none"><tags></tags></prop><prop id="3668a00.png" enc_asset_id="3668a00.png" name="David Is png" holdable="0" wearable="0" placeable="1" published="1" facing="left" subtype="none"><tags></tags></prop><background id="810abe6.jpg" enc_asset_id="810abe6.jpg" name="LIMINAL" published="1"><tags></tags></background><background id="fe29fb0.jpg" enc_asset_id="fe29fb0.jpg" name="BSOD" published="1"><tags></tags></background><prop id="c875a87.png" enc_asset_id="c875a87.png" name="meme" holdable="0" wearable="0" placeable="1" published="1" facing="left" subtype="none"><tags></tags></prop><prop id="d997440.png" enc_asset_id="d997440.png" name="2011" holdable="0" wearable="0" placeable="1" published="1" facing="left" subtype="none"><tags></tags></prop><prop id="6b6bcc9.png" enc_asset_id="6b6bcc9.png" name="Anasi" holdable="0" wearable="0" placeable="1" published="1" facing="left" subtype="none"><tags></tags></prop><prop id="b71f871.png" enc_asset_id="b71f871.png" name="andrew!.png" holdable="0" wearable="0" placeable="1" published="1" facing="left" subtype="none"><tags></tags></prop><prop id="90a5bc4.png" enc_asset_id="90a5bc4.png" name="Alan" holdable="0" wearable="0" placeable="1" published="1" facing="left" subtype="none"><tags></tags></prop><prop id="1c53bc2.png" enc_asset_id="1c53bc2.png" name="guyguyguy" holdable="0" wearable="0" placeable="1" published="1" facing="left" subtype="none"><tags></tags></prop><prop id="ab90b2a.png" enc_asset_id="ab90b2a.png" name="eo.png" holdable="0" wearable="0" placeable="1" published="1" facing="left" subtype="none"><tags></tags></prop><prop id="f215cc7.png" enc_asset_id="f215cc7.png" name="Dryer.png" holdable="0" wearable="0" placeable="1" published="1" facing="left" subtype="none"><tags></tags></prop><prop id="0912bbe.swf" enc_asset_id="0912bbe.swf" name="AN-DREW" holdable="0" wearable="0" placeable="1" published="1" facing="left" subtype="none"><tags></tags></prop><prop id="1d8042b.swf" enc_asset_id="1d8042b.swf" name="gumball1lL!L!Ll!L!L!LL!L!L.swf" holdable="0" wearable="0" placeable="1" published="1" facing="left" subtype="none"><tags></tags></prop><prop id="54efc8a.swf" enc_asset_id="54efc8a.swf" name="standing.swf" holdable="0" wearable="0" placeable="1" published="1" facing="left" subtype="none"><tags></tags></prop><prop id="e7156d9.png" enc_asset_id="e7156d9.png" name="REAlLYHIGHQUALITY3.png" holdable="0" wearable="0" placeable="1" published="1" facing="left" subtype="none"><tags></tags></prop><background id="b8fe72e.png" enc_asset_id="b8fe72e.png" name="Screenshot (77).png" published="1"><tags></tags></background><background id="007ea54.jpg" enc_asset_id="007ea54.jpg" name="Interior of truck" published="1"><tags></tags></background><background id="10b5c07.jpg" enc_asset_id="10b5c07.jpg" name="store" published="1"><tags></tags></background><background id="8af8486.jpg" enc_asset_id="8af8486.jpg" name="destroyed building" published="1"><tags></tags></background><background id="13259b1.jpg" enc_asset_id="13259b1.jpg" name="Local dance stop.png" published="1"><tags></tags></background><prop id="7c1e551.jpg" enc_asset_id="7c1e551.jpg" name="20230317_191737.jpg" holdable="0" wearable="0" placeable="1" published="1" facing="left" subtype="none"><tags></tags></prop><prop id="d52eb57.gif" enc_asset_id="d52eb57.gif" name="Expunged" holdable="0" wearable="0" placeable="1" published="1" facing="left" subtype="none"><tags></tags></prop><prop id="51d1049.png" enc_asset_id="51d1049.png" name="Guyis" holdable="0" wearable="0" placeable="1" published="1" facing="left" subtype="none"><tags></tags></prop><prop id="585640d.png" enc_asset_id="585640d.png" name="david new (1).png" holdable="0" wearable="0" placeable="1" published="1" facing="left" subtype="none"><tags></tags></prop><prop id="2694c69.swf" enc_asset_id="2694c69.swf" name="Coach Penny" holdable="0" wearable="0" placeable="1" published="1" facing="left" subtype="none"><tags></tags></prop><prop id="ff9015d.jpg" enc_asset_id="ff9015d.jpg" name="old afterschool" holdable="0" wearable="0" placeable="1" published="1" facing="left" subtype="none"><tags></tags></prop><prop id="4c1f3cf.png" enc_asset_id="4c1f3cf.png" name="Screen Shot 2023-01-15 at 16.png" holdable="0" wearable="0" placeable="1" published="1" facing="left" subtype="none"><tags></tags></prop><prop id="cd2d200.swf" enc_asset_id="cd2d200.swf" name="puff neutral" holdable="0" wearable="0" placeable="1" published="1" facing="left" subtype="none"><tags></tags></prop><prop id="f5212a9.png" enc_asset_id="f5212a9.png" name="3D" holdable="0" wearable="0" placeable="1" published="1" facing="left" subtype="none"><tags></tags></prop><prop id="eb70cde.jpg" enc_asset_id="eb70cde.jpg" name="Mister Ivey" holdable="0" wearable="0" placeable="1" published="1" facing="left" subtype="none"><tags></tags></prop><prop id="cd89418.png" enc_asset_id="cd89418.png" name="Richard" holdable="0" wearable="0" placeable="1" published="1" facing="left" subtype="none"><tags></tags></prop><prop id="1c18d4b.png" enc_asset_id="1c18d4b.png" name="BF" holdable="0" wearable="0" placeable="1" published="1" facing="left" subtype="none"><tags></tags></prop><prop id="2331d3f.jpg" enc_asset_id="2331d3f.jpg" name="david" holdable="0" wearable="0" placeable="1" published="1" facing="left" subtype="none"><tags></tags></prop><effect id="130628688.swf" name="fx01" type="ANIME" resize="false" move="false" published="1"><tags></tags></effect><effect id="378470.swf" name="tagging" type="ANIME" resize="false" move="false" published="1"><tags></tags></effect><effect id="328993953.swf" name="bubbles" type="ANIME" resize="false" move="false" published="1"><tags>bubbles,nicolas</tags></effect><effect id="378470.swf" name="tagging" type="ANIME" resize="false" move="false" published="1"><tags>happybunny</tags></effect><effect id="378687.swf" name="blur" type="ANIME" resize="false" move="false" published="1"><tags>happybunny</tags></effect><effect id="427112.swf" name="bubbles" type="ANIME" resize="false" move="false" published="1"><tags>bubbles,nicolas</tags></effect><effect id="328995073.swf" name="bubbles" type="ANIME" resize="false" move="false" published="1"><tags>bubbles,nicolas</tags></effect><effect id="275586.swf" name="speed" type="ANIME" resize="false" move="false" published="1"><tags>speed</tags></effect><effect id="267341.swf" name="BOOM2" type="ANIME" resize="false" move="false" published="1"><tags>effect</tags></effect><effect id="823760.swf" name="warpspeed" type="ANIME" resize="false" move="false" published="1"><tags>section31</tags></effect><effect id="267344.swf" name="BOOM3" type="ANIME" resize="false" move="false" published="1"><tags>effect</tags></effect><effect id="469632.swf" name="light by sogeking" type="ANIME" resize="false" move="false" published="1"><tags>effect,light,sogeking</tags></effect><effect id="439039.swf" name="speed" type="ANIME" resize="false" move="false" published="1"><tags>speed</tags></effect><effect id="275699.swf" name="speed" type="ANIME" resize="false" move="false" published="1"><tags>speed</tags></effect><effect id="236080.swf" name="Star" type="ANIME" resize="false" move="false" published="1"><tags>star</tags></effect><effect id="1211151.swf" name="arrowfx" type="ANIME" resize="false" move="false" published="1"><tags>section31</tags></effect><effect id="267339.swf" name="BOOM" type="ANIME" resize="false" move="false" published="1"><tags>effect</tags></effect><char id="Robert" name="Robert Ivey" published="1" facing="left" thumb="Ivey.swf" default="Ivey.swf"><tags/><action id="Ivey.swf" name="Be a Teacher"/></char>
						<char id="233241" name="Noni" published="1" facing="left" thumb="233242.swf" default="233242.swf"><tags>noni destruction goddess</tags><action id="233242.swf" name="Standing"/><action id="233243.swf" name="Jump"/><action id="233244.swf" name="Talk"/><action id="190997498.swf" name="001b_thumbnail"/></char>
						<char id="378278" name="happybunny" facing="left" thumb="378283.swf" default="378283.swf"><tags>happybunny</tags><action id="378279.swf" name="hit_with_hammer"/><action id="378280.swf" name="guitar" enable="Y"/><action id="378281.swf" name="dance"/><action id="378282.swf" name="fart"/><action id="378283.swf" name="standing"/><action id="378284.swf" name="dance"/><action id="378285.swf" name="happy"/><action id="378286.swf" name="make_fun_of"/><action id="378287.swf" name="show_butt"/><action id="378288.swf" name="tag_wall"/><action id="378289.swf" name="walk"/><action id="378320.swf" name="hit_with_hammer"/><action id="378323.swf" name="hit_with_hammer"/><action id="378351.swf" name="hit_with_hammer" enable="Y"/><action id="378472.swf" name="tag_wall"/><action id="378508.swf" name="happy"/><action id="378557.swf" name="hit_with_hammer2"/></char>
						<char id="452743" name="Pink" published="1" facing="left" thumb="452744.swf" default="452744.swf"><tags>pink-standing</tags><action id="452744.swf" name="pink-standing"/><action id="452745.swf" name="pink-close"/><action id="452746.swf" name="pink-open"/><action id="452747.swf" name="pink-talk"/><action id="452748.swf" name="pink-walk"/></char>
						<char id="452780" name="Orange" published="1" facing="left" thumb="452781.swf" default="452781.swf"><tags>orange-standing</tags><action id="452781.swf" name="orange-standing"/><action id="452782.swf" name="orange-close"/><action id="452783.swf" name="orange-open"/><action id="452784.swf" name="orange-talk"/><action id="515761.swf" name="orange-walk"/></char>
						<char id="515763" name="Blue" published="1" facing="left" thumb="515764.swf" default="515764.swf"><tags>nicolas trashcan</tags><action id="515764.swf" name="blue-standing"/><action id="515765.swf" name="blue-open"/><action id="515767.swf" name="blue-close"/><action id="515768.swf" name="blue-talk"/><action id="515769.swf" name="blue-walk"/></char>
						<char id="515771" name="Green" published="1" facing="left" thumb="515772.swf" default="515772.swf"><tags>green-standing</tags><action id="515772.swf" name="green-standing"/><action id="515774.swf" name="green-open"/><action id="515776.swf" name="green-talk"/><action id="515777.swf" name="green-walk"/><action id="515779.swf" name="green-close"/></char>
						<char id="515884" name="Red" published="1" facing="left" thumb="515885.swf" default="515885.swf"><tags>red-standing</tags><action id="515885.swf" name="red-standing"/><action id="515887.swf" name="red-close"/><action id="515888.swf" name="red-open"/><action id="515889.swf" name="red-talk"/><action id="515892.swf" name="red-walk"/></char>
						<char id="547316" name="GIGI" published="1" facing="left" thumb="547317.swf" default="547317.swf"><tags>cutepets</tags><action id="547317.swf" name="stand"/><action id="547319.swf" name="shy"/><action id="547322.swf" name="sleeping"/><action id="547324.swf" name="walk"/><action id="547331.swf" name="furious"/></char>
						<char id="547337" name="SUSU" published="1" facing="left" thumb="547341.swf" default="547341.swf"><tags>cutepets</tags><action id="547338.swf" name="confused"/><action id="547339.swf" name="sad"/><action id="547341.swf" name="stand"/><action id="547343.swf" name="walk"/><action id="547351.swf" name="talk"/></char>
						<char id="547369" name="Cubic Bear" published="1" facing="left" thumb="547370.swf" default="547370.swf"><tags>cubicpets</tags><action id="547370.swf" name="standing"/><action id="547374.swf" name="talking"/><action id="547380.swf" name="grabbed"/><action id="547381.swf" name="walking"/><action id="547418.swf" name="sleeping"/></char>
						<char id="547400" name="Luna" published="1" facing="left" thumb="547406.swf" default="547406.swf"><tags>watervalley</tags><action id="547401.swf" name="bow_greet"/><action id="547402.swf" name="sit"/><action id="547403.swf" name="sit_read"/><action id="547405.swf" name="sit_talk"/><action id="547406.swf" name="standing"/><action id="547408.swf" name="talk"/><action id="547410.swf" name="walk"/></char>
						<char id="547421" name="Cubic Cat" published="1" facing="left" thumb="547422.swf" default="547422.swf"><tags>cubicpets</tags><action id="547422.swf" name="standing"/><action id="547423.swf" name="talking"/><action id="547424.swf" name="sleeping"/><action id="547425.swf" name="shy"/><action id="547426.swf" name="walking"/></char>
						<char id="547437" name="Bamboo" published="1" facing="left" thumb="547438.swf" default="547438.swf"><tags>watervalley</tags><action id="547438.swf" name="standing"/><action id="547439.swf" name="sit"/><action id="547440.swf" name="sit_talk"/><action id="547442.swf" name="walk"/><action id="554124.swf" name="talk"/></char>
						<char id="561462" name="Monkey Character by Sogeking" published="1" facing="left" thumb="561463.swf" default="561463.swf"><tags>sogeking</tags><action id="561463.swf" name="Stand"/><action id="561508.swf" name="angry"/><action id="561570.swf" name="bored"/><action id="561574.swf" name="confused"/><action id="561647.swf" name="dance"/><action id="561735.swf" name="desperate"/><action id="561850.swf" name="die"/><action id="561899.swf" name="drop_prop"/><action id="561940.swf" name="talk"/><action id="563982.swf" name="scared"/><action id="563994.swf" name="shy"/><action id="564013.swf" name="fart"/><action id="564023.swf" name="furious"/><action id="564048.swf" name="happy"/><action id="564069.swf" name="walk"/></char>
						<char id="564521" name="disco monkey by Sogeking" published="1" facing="left" thumb="564522.swf" default="564522.swf"><tags>sogeking</tags><action id="564522.swf" name="talk_disco"/><action id="564543.swf" name="stand_disco"/></char>
						<char id="564526" name="Monkey girl by Sogeking" published="1" facing="left" thumb="564527.swf" default="564527.swf"><tags>stand_girl</tags><action id="564527.swf" name="stand_girl"/><action id="564528.swf" name="shy_girl"/></char>
						<char id="585035" name="Ham Polo by PaulToon" published="1" facing="left" thumb="585036.swf" default="585036.swf"><tags>paultoon,star wars,han solo</tags><action id="585036.swf" name="Han solo default"/><action id="585037.swf" name="Han Solo talk"/><action id="640941.swf" name="Han Solo Draw Gun"/><action id="640943.swf" name="Han Solo Shoot Gun"/></char>
						<char id="585038" name="Munchy by PaulToon" published="1" facing="left" thumb="585039.swf" default="585039.swf"><tags>chewbacca,chewy,paultoon,star wars</tags><action id="585039.swf" name="Chewy default"/><action id="585041.swf" name="Chewy roar"/><action id="646385.swf" name="Munchy Draw Gun"/><action id="646386.swf" name="Muncy Stand with Gun"/><action id="646387.swf" name="Munchy Shoot Gun"/></char>
						<char id="591484" name="Monkey teacher_by Sogeking" published="1" facing="left" thumb="591486.swf" default="591486.swf"><tags>monkey,sogeking,teacher</tags><action id="591485.swf" name="talk"/><action id="591486.swf" name="stand"/><action id="591496.swf" name="talk2"/></char>
						<char id="652890" name="Roundie" published="1" facing="left" thumb="652891.swf" default="652891.swf"><tags>standing</tags><action id="652891.swf" name="standing"/><action id="652892.swf" name="walk"/></char>
						<char id="774742" name="Isogirl" published="1" facing="left" thumb="1082219.swf" default="1082219.swf"><tags>isometrix</tags><action id="1082202.swf" name="Front - Sitting"/><action id="1082208.swf" name="Back - Sitting"/><action id="1082210.swf" name="Back - Still"/><action id="1082212.swf" name="Back - Walk"/><action id="1082214.swf" name="Back - Pointing"/><action id="1082216.swf" name="Front - Point"/><action id="1082219.swf" name="Front - Still"/><action id="1082220.swf" name="Front - Talk"/><action id="1082221.swf" name="Front - Walk"/><action id="1129808.swf" name="Side - Still"/><action id="1129897.swf" name="Side - Fall"/><action id="1129898.swf" name="Side - Get Hit"/><action id="1129899.swf" name="Side - Hit"/><action id="1129901.swf" name="Side - Point"/><action id="1129904.swf" name="Side - Sitting"/><action id="1129905.swf" name="Side - Talk"/><action id="1129906.swf" name="Side - Walk"/></char>
						<char id="851906" name="StickFighter" published="1" facing="left" thumb="851978.swf" default="851978.swf"><tags>coady,stickfighter,tnp</tags><action id="851978.swf" name="Ready to fight"/><action id="851982.swf" name="taunt"/><action id="851998.swf" name="frontflip"/><action id="852025.swf" name="headjab"/><action id="852029.swf" name="Jab"/><action id="856681.swf" name="hands up"/><action id="887226.swf" name="headjab1"/><action id="933389.swf" name="headKick"/><action id="933390.swf" name="gutkick"/><action id="938816.swf" name="footsweep"/><action id="939706.swf" name="Judo Chop"/><action id="939710.swf" name="headhook"/><action id="939711.swf" name="Jumpkick"/><action id="939838.swf" name="get hit head"/><action id="940047.swf" name="knockout head front"/><action id="940058.swf" name="all fours exhausted"/><action id="946274.swf" name="get hit gut"/><action id="1003951.swf" name="head multiple punches"/><action id="1004033.swf" name="kickbacktohead"/><action id="1004236.swf" name="superman"/><action id="1006340.swf" name="WalkFightReady2"/><action id="1017851.swf" name="footsweep, get hit"/><action id="1046931.swf" name="Double AxHandle"/><action id="1046933.swf" name="jump"/></char>
						<char id="875334" name="Batty" published="1" facing="left" thumb="876057.swf" default="876057.swf"><tags>b&amp;aring;t,bat,b&#xE5;t,coady</tags><action id="875417.swf" name="Flying"/><action id="876057.swf" name="hanging still"/><action id="876179.swf" name="Batty Sleeping"/><action id="876227.swf" name="hanging talking"/></char>
						<char id="907852" name="Match Cool" published="1" facing="left" thumb="907853.swf" default="907853.swf"><tags>match</tags><action id="907853.swf" name="stand"/><action id="907856.swf" name="walk"/><action id="907857.swf" name="attack"/><action id="919952.swf" name="look at watch"/><action id="919970.swf" name="attack 2"/><action id="920009.swf" name="talk"/></char>
						<char id="998655" name="Gipsy" published="1" facing="left" thumb="1773356.swf" default="1773356.swf"><tags>gipsy,tnp</tags><action id="1773327.swf" name="Enojado"/><action id="1773342.swf" name="reirse"/><action id="1773345.swf" name="babear"/><action id="1773349.swf" name="soporte desde atr&#xE1;s"/><action id="1773351.swf" name="Jadeante"/><action id="1773356.swf" name="posici&#xF3;n"/><action id="1773360.swf" name="sacudi&#xF3;"/><action id="1773376.swf" name="sorprendido"/><action id="1773377.swf" name="hablar"/><action id="1773381.swf" name="Paseo"/><action id="111390364.swf" name="uppercut"/></char>
						<char id="1074104" name="IsoBoy" published="1" facing="left" thumb="1074105.swf" default="1074105.swf"><tags>isometrix</tags><action id="1074105.swf" name="Front - Still"/><action id="1074106.swf" name="Front - Sitting"/><action id="1074109.swf" name="Front - Point"/><action id="1074110.swf" name="Front - Talk"/><action id="1074111.swf" name="Front - Walk"/><action id="1074120.swf" name="Side - Walk"/><action id="1074123.swf" name="Side - Sitting"/><action id="1074125.swf" name="Side - Point"/><action id="1074127.swf" name="Side - Fall"/><action id="1074129.swf" name="Side - Get Hit"/><action id="1074130.swf" name="Side - Hit"/><action id="1074133.swf" name="Back - Still"/><action id="1074135.swf" name="Back - Sitting"/><action id="1074137.swf" name="Back - Pointing"/><action id="1074138.swf" name="Back - Walk"/><action id="1074159.swf" name="Side - Still"/><action id="1097152.swf" name="Side - Talk"/><action id="1645340.swf" name="Front - Guitar"/></char>
						<char id="1079680" name="Gert" published="1" facing="left" thumb="1086927.swf" default="1086927.swf"><tags>dinosaur,tnp</tags><action id="1086927.swf" name="Standing"/><action id="1086929.swf" name="Chewing"/><action id="1108631.swf" name="Talking"/><action id="1108663.swf" name="bend"/><action id="1111485.swf" name="run"/><action id="1223744.swf" name="Sad"/><action id="1229891.swf" name="Sad singing"/></char>
						<char id="1082129" name="IsoSanta" published="1" facing="left" thumb="1082130.swf" default="1082130.swf"><tags>isometrix</tags><action id="1082130.swf" name="Front - Still"/><action id="1082133.swf" name="Front - Talk"/><action id="1082134.swf" name="Front - Point"/><action id="1082135.swf" name="Front - Sitting"/><action id="1085331.swf" name="Back - Still"/><action id="1085340.swf" name="Back - Pointing"/><action id="1085341.swf" name="Back - Sitting"/><action id="1085342.swf" name="Back - Walk"/><action id="1085615.swf" name="Side - Fall"/><action id="1085616.swf" name="Side - GetHit"/><action id="1085618.swf" name="Side - Hit"/><action id="1085620.swf" name="Side - Point"/><action id="1085621.swf" name="Side - Sitting"/><action id="1085624.swf" name="Side - Still"/><action id="1085629.swf" name="Side - Walk"/><action id="1097159.swf" name="Side - Talk"/></char>
						<char id="1085646" name="IsoSanta" published="1" facing="left" thumb="1085647.swf" default="1085647.swf"><tags>isometrix</tags><action id="1085647.swf" name="Front - Still"/><action id="1085649.swf" name="Back - Pointing"/><action id="1085650.swf" name="Back - Sitting"/><action id="1085653.swf" name="Back - Still"/><action id="1085655.swf" name="Back - Walk"/><action id="1085657.swf" name="Front - Point"/><action id="1085658.swf" name="Front - Sitting"/><action id="1085659.swf" name="Front - Talk"/><action id="1085661.swf" name="Front - Walk"/><action id="1085662.swf" name="Side - Fall"/><action id="1085663.swf" name="Side - GetHit"/><action id="1085665.swf" name="Side - Hit"/><action id="1085667.swf" name="Side - Point"/><action id="1085669.swf" name="Side - Sitting"/><action id="1085670.swf" name="Side - Still"/><action id="1085672.swf" name="Side - Walk"/><action id="1097160.swf" name="Side - Talk"/></char>
						<char id="1129714" name="IsoBare" published="1" facing="left" thumb="1129716.swf" default="1129716.swf"><tags>isometrix</tags><action id="1129716.swf" name="Front - Still"/><action id="1141022.swf" name="Front - Point"/><action id="1141024.swf" name="Front - Sitting"/><action id="1141025.swf" name="Front - Talk"/><action id="1141032.swf" name="Front - Walk"/><action id="1141144.swf" name="Back - Pointing"/><action id="1141145.swf" name="Back - Sitting"/><action id="1141146.swf" name="Back - Still"/><action id="1141147.swf" name="Back - Walk"/><action id="1141277.swf" name="Side - Hit"/><action id="1141282.swf" name="Side - Talk"/><action id="1141292.swf" name="Side - Get Hit"/><action id="1141301.swf" name="Side - Fall"/><action id="1141318.swf" name="Side - Point"/><action id="1141319.swf" name="Side - Sitting"/><action id="1141320.swf" name="Side - Still"/><action id="1141321.swf" name="Side - Walk"/></char>
						<char id="1146317" name="PURPLE CENTURION =SECTION31" published="1" facing="left" thumb="1146318.swf" default="1146318.swf"><tags>section31</tags><action id="1146318.swf" name="STANDING"/><action id="1146319.swf" name="WALK"/><action id="1146855.swf" name="DISRUPTOR POINT LEFT"/><action id="1146942.swf" name="WALK RIGHT"/><action id="1147038.swf" name="FIRE RIGHT"/></char>
						<char id="1147194" name="BLUE CENTURION=SECTION31" published="1" facing="left" thumb="1147195.swf" default="1147195.swf"><tags>section31</tags><action id="1147195.swf" name="STAND RIGHT"/><action id="1147200.swf" name="FIRE RIGHT"/><action id="1147201.swf" name="POINT DISRUPTOR"/></char>
						<char id="1148845" name="PICARD" published="1" facing="left" thumb="1151155.swf" default="1151155.swf"><tags>dematerialise</tags><action id="1148846.swf" name=" dematerialise"/><action id="1148867.swf" name="materialise"/><action id="1151103.swf" name="walk"/><action id="1151155.swf" name="stand"/><action id="1177214.swf" name="PICARD walk2"/><action id="1186425.swf" name="PICARD STANDblink"/><action id="1186691.swf" name=" STAND Talk"/><action id="1191156.swf" name=" walk left"/><action id="1191182.swf" name="STAND Talkleft"/><action id="1191241.swf" name=" STAND blink right"/><action id="1192213.swf" name="SHOCKED"/><action id="1199177.swf" name="CALCULATE"/><action id="1205275.swf" name="sit"/><action id="1205289.swf" name=" sit left"/><action id="1205301.swf" name="sit talk"/><action id="1205303.swf" name=" sit left talk"/><action id="1208145.swf" name="TURD SHOCKED"/><action id="1208198.swf" name=" TURD STAND Talkleft"/><action id="1208227.swf" name="TURD STAND left"/><action id="1211241.swf" name="SHOCKED LEFT"/><action id="1211879.swf" name="SNIFFUP"/><action id="1212111.swf" name="MAKE IT SO"/><action id="1251971.swf" name="PICARD TURBULANCE LEFT"/><action id="1252428.swf" name="TURBULANCE RIGHT"/><action id="1260543.swf" name="STANDblinkbreathe"/><action id="1260544.swf" name="blink left breathe"/><action id="1268137.swf" name="ferengi tubulance"/><action id="1280975.swf" name="mucus walk left"/><action id="1280994.swf" name="MUCUS amp STAND TALK"/><action id="1284638.swf" name="walk talk left"/><action id="1339002.swf" name="MUCUS AMPUTATED"/><action id="1946022.swf" name="make it so right"/></char>
						<char id="1154816" name="ROMULAN WARBIRD" published="1" facing="left" thumb="1154817.swf" default="1154817.swf"><tags>section31</tags><action id="1154817.swf" name="default"/><action id="1154820.swf" name="default"/><action id="1154919.swf" name=" fire disruptors"/><action id="1154924.swf" name="continuous fire"/><action id="1154936.swf" name="fire tirpedoes"/><action id="1154972.swf" name="decloak"/><action id="1156192.swf" name=" shield hit"/><action id="1156270.swf" name="shields up"/><action id="1156296.swf" name="shields and torpedos"/><action id="1156315.swf" name="torpedoesdisruptors"/><action id="1156318.swf" name="shields/torpedoes/disruptors"/><action id="1156331.swf" name="diruptors shields"/><action id="1156356.swf" name="LOWER SHIELDS"/><action id="1156428.swf" name="shields down"/><action id="1918427.swf" name="decloak melt"/><action id="1918470.swf" name="cloak melt"/></char>
						<char id="1164416" name="TARDIS by section31" published="1" facing="left" thumb="1819265.swf" default="1819265.swf"><tags>dr who</tags><action id="1819245.swf" name="door opening"/><action id="1819248.swf" name="door closing"/><action id="1819249.swf" name="door opened"/><action id="1819265.swf" name="tardis"/><action id="1819267.swf" name="tardisappear"/><action id="1819270.swf" name="tardisdissappear"/></char>
						<char id="1164668" name="DALEK by section31" published="1" facing="left" thumb="1164669.swf" default="1164669.swf"><tags>default</tags><action id="1164669.swf" name="default"/><action id="1202469.swf" name="movehead"/><action id="1202491.swf" name="exterminate"/><action id="1202516.swf" name="wide beam exterminate"/><action id="1202541.swf" name="blackdalekdefault"/><action id="1202542.swf" name="blackdalekmovehead"/><action id="1202543.swf" name="blackdalekexterminate"/><action id="1731087.swf" name="reddalek1explode"/></char>
						<char id="1164896" name="enterprise by solarbaby" published="1" facing="left" thumb="1164903.swf" default="1164903.swf"><tags>section31</tags><action id="1164900.swf" name=" battledamaged"/><action id="1164903.swf" name="default1"/><action id="1164943.swf" name="shields2"/><action id="1893019.swf" name="enterprise redphasers"/><action id="1893020.swf" name="enterprise torpedos"/><action id="1893624.swf" name="enterprise explode"/><action id="2622755.swf" name="enterprise battledamagednofire"/><action id="2628022.swf" name="leaving warp"/><action id="2633455.swf" name="ENT TOP ZOOM"/><action id="2633476.swf" name="ENT TOP OBLIQUE"/><action id="3422424.swf" name="enterprise silhouette"/><action id="4943041.swf" name="enterprise default tholian web trapped"/><action id="4984750.swf" name="enterprise default tholian web warp"/><action id="5066009.swf" name="materialise"/><action id="5066013.swf" name="dematerialise"/><action id="5066164.swf" name="leaving warp2"/></char>
						<char id="1166428" name="REPLICATORCUP" published="1" facing="left" thumb="1166435.swf" default="1166435.swf"><tags>replicatorcuponly</tags><action id="1166435.swf" name="STILL"/><action id="1166439.swf" name="ONLY"/></char>
						<char id="1167870" name="IsoBoss" published="1" facing="left" thumb="1167888.swf" default="1167888.swf"><tags>isometrix</tags><action id="1167882.swf" name="Front - Point"/><action id="1167883.swf" name="Front - Sitting"/><action id="1167884.swf" name="Front - Talk"/><action id="1167887.swf" name="Front - Walk"/><action id="1167888.swf" name="Front - Still"/><action id="1168119.swf" name="Back - Still"/><action id="1168121.swf" name="Back - Pointing"/><action id="1168123.swf" name="Back - Sitting"/><action id="1168124.swf" name="Back - Walk"/><action id="1168125.swf" name="Side - Still"/><action id="1168236.swf" name="Side - Fall"/><action id="1168238.swf" name="Side - Get Hit"/><action id="1168239.swf" name="Side - Hit"/><action id="1168242.swf" name="Side - Point"/><action id="1168243.swf" name="Side - Sitting"/><action id="1168244.swf" name="Side - Talk"/><action id="1168245.swf" name="Side - Walk"/><action id="1190083.swf" name="Front - Read"/><action id="1572891.swf" name="Front - Guitar"/></char>
						<char id="1198772" name="Dragon by Chaostoon" published="1" facing="left" thumb="1198773.swf" default="1198773.swf"><tags>chaostoon dragon</tags><action id="1198773.swf" name="Standing"/><action id="1198775.swf" name="Throw Fire and Hover"/><action id="1198777.swf" name="Fly"/><action id="1198779.swf" name="Landing from Fly"/><action id="1198784.swf" name="Roar / Throw Fire"/><action id="1198785.swf" name="Roar Hold"/><action id="1198787.swf" name="Sad"/><action id="1198788.swf" name="Takeoff"/><action id="1198789.swf" name="Thinking"/><action id="1198790.swf" name="Upset"/><action id="1198793.swf" name="Walk"/><action id="1198801.swf" name="Throw Fire Flying"/></char>
						<char id="1205495" name="HOLODECK DOORS" published="1" facing="left" thumb="1205503.swf" default="1205503.swf"><tags>section31</tags><action id="1205503.swf" name=" CLOSED"/><action id="1205504.swf" name=" OPEN"/><action id="1210934.swf" name="OPENING"/><action id="1210946.swf" name="CLOSING"/></char>
						<char id="1235597" name="IsoCar" published="1" facing="left" thumb="1235598.swf" default="1235598.swf"><tags>isometrix</tags><action id="1235598.swf" name="Side - Occupied"/><action id="1235599.swf" name="Side - Empty"/></char>
						<char id="1271668" name="LEON" published="1" facing="left" thumb="1271669.swf" default="1271669.swf"><action id="1271669.swf" name="leonrun"/></char>
						<char id="1271772" name="BATOMBILE by section31" published="1" facing="left" thumb="1271787.swf" default="1271787.swf"><tags>batman</tags><action id="1271773.swf" name="DRIVE HEADLIGHTS"/><action id="1271776.swf" name="parked"/><action id="1271778.swf" name="lights on"/><action id="1271779.swf" name="lights off"/><action id="1271787.swf" name="default"/></char>
						<char id="1306082" name="CATWOMAN" published="1" facing="left" thumb="1306181.swf" default="1306181.swf"><tags>stand</tags><action id="1306135.swf" name="scheming"/><action id="1306164.swf" name="walk"/><action id="1306181.swf" name="stand"/><action id="1307395.swf" name="kiss"/><action id="1985062.swf" name="threaten"/><action id="1985067.swf" name=" murdered"/><action id="1985105.swf" name="talk"/><action id="1985156.swf" name=" think"/><action id="1985823.swf" name="on bike"/></char>
						<char id="1324346" name="FA Artist" published="1" facing="left" thumb="1324355.swf" default="1324355.swf"><tags>chaostoon</tags><action id="1324347.swf" name="artist gets easel back CS4"/><action id="1324354.swf" name="Artist yelling hey CS4"/><action id="1324355.swf" name="i need help moving hold CS4"/><action id="1324358.swf" name="woah doctor bills CS4"/><action id="1324479.swf" name="artist whats FA CS4"/><action id="1324480.swf" name="Artist painting CS4"/><action id="1324569.swf" name="i need help CS4"/><action id="199399952.swf" name="Jack New Crying"/><action id="199400095.swf" name="Jack New Good Job"/><action id="200378157.swf" name="Queen angry"/></char>
						<char id="1359681" name="picg" published="1" facing="left" thumb="1359682.swf" default="1359682.swf"><tags>43_pig</tags><action id="1359682.swf" name="43_pig"/></char>
						<char id="1400048" name="Klingon aft by solarbaby" published="1" facing="left" thumb="1400049.swf" default="1400049.swf"><tags>default</tags><action id="1400049.swf" name="DEFAULT"/><action id="1400050.swf" name="TORPEDOS"/><action id="1400051.swf" name="PHASERS"/><action id="1892933.swf" name="KTINGA cloak"/><action id="1892934.swf" name="KTINGA decloak"/></char>
						<char id="1458029" name="Batman" published="1" facing="left" thumb="1458030.swf" default="1458030.swf"><action id="1458030.swf" name="stand"/><action id="1481257.swf" name="throw"/><action id="1481258.swf" name="glide"/><action id="1514978.swf" name="talk"/></char>
						<char id="1488083" name="Robin" published="1" facing="left" thumb="1488084.swf" default="1488084.swf"><action id="1488084.swf" name="stand"/><action id="1488086.swf" name="talk"/></char>
						<char id="1492653" name="Poison Ivy" published="1" facing="left" thumb="1492654.swf" default="1492654.swf"><action id="1492654.swf" name="stand"/><action id="1492660.swf" name="talk_angry"/></char>
						<char id="1495712" name="Mr Freeze" published="1" facing="left" thumb="1495714.swf" default="1495714.swf"><action  id="1495714.swf" name="talk"/><action  id="1495731.swf" name="scheming"/></char>
						<char id="1495740" name="The Joker" published="1" facing="left" thumb="1495741.swf" default="1495741.swf"><action  id="1495741.swf" name="talk"/><action  id="1495744.swf" name="scheming"/></char>
						<char id="1498163" name="Kung Fu Cat by cool34606" published="1" facing="left" thumb="1498164.swf" default="1498164.swf"><tags>cool34606,kung fu cat,tet,cool34606kfc</tags><action id="1498164.swf" name="Kung Fu Cat Stand Front"/><action id="1498381.swf" name="KFC Double Kick Front"/><action id="1498715.swf" name="KFC Fighting Stance"/><action id="1498981.swf" name="KFC Fighting Stance Walk"/><action id="1508763.swf" name="KFC Fighting Stance Punch"/><action id="1508930.swf" name="KFC Fighting Stance kick"/><action id="1509040.swf" name="KFC Fighting Stance energyblast"/><action id="1509249.swf" name="KFC Fighting Stance Talk"/><action id="1509260.swf" name="KFC Sitting"/><action id="1509485.swf" name="KFC Talk"/><action id="1510725.swf" name="KFC Stand Side"/><action id="1515229.swf" name="KFC Walk"/><action id="1588452.swf" name="KFC Fighting Stance Scratch"/><action id="1588455.swf" name="KFC Get knocked Out"/><action id="1588461.swf" name="KFC Knocked Out"/><action id="1764037.swf" name="KFC Get Hit"/></char>
						<char id="1570804" name="Superman" published="1" facing="left" thumb="1570805.swf" default="1570806.swf"><action  id="1570806.swf" name="talk"/></char>
						<char id="1572752" name="Bruce Wayne" published="1" facing="left" thumb="1572754.swf" default="1572754.swf"><action  id="1572754.swf" name="talk"/><action  id="1572756.swf" name="lookup"/></char>
						<char id="1600316" name="Batgirl" published="1" facing="left" thumb="1600319.swf" default="1600319.swf"><action  id="1600319.swf" name="talk"/></char>
						<char id="1634460" name="bird of prey front by solarbaby" published="1" facing="left" thumb="1634490.swf" default="1634490.swf"><tags>bird of prey front section31</tags><action id="1634464.swf" name="bird of prey front cloak"/><action id="1634466.swf" name="bird of prey front decloak"/><action id="1634474.swf" name="bird of prey front shields"/><action id="1634488.swf" name="bird of prey front torpedo"/><action id="1634490.swf" name="bird of prey front disruptors"/><action id="2635563.swf" name="bird of prey front default"/></char>
						<char id="1636962" name="HUMPTY DUMPTY" published="1" facing="left" thumb="1636963.swf" default="1636963.swf"><tags>humpty</tags><action id="1636963.swf" name="humpty"/><action id="1637066.swf" name="humptyNAUGHTY"/></char>
						<char id="1645452" name="IsoInvasion" published="1" facing="left" thumb="1645453.swf" default="1645453.swf"><tags>isometrix</tags><action id="1645453.swf" name="Front - Still"/><action id="1645455.swf" name="Back - Still"/></char>
						<char id="1667228" name="JEAP" published="1" facing="left" thumb="1667586.swf" default="1667586.swf"><tags>jeap by section31</tags><action id="1667230.swf" name="jeapdrive"/><action id="1667586.swf" name="jeap door close"/><action id="1667588.swf" name="jeap door open"/><action id="1667591.swf" name="jeap"/><action id="1667597.swf" name="jeap door opened"/><action id="1667819.swf" name="jeapsidedrive"/><action id="1688181.swf" name="jeapsidestill"/></char>
						<char id="1680552" name="Hoot" published="1" facing="left" thumb="1680553.swf" default="1680553.swf"><tags>hoot,owl,tethoot</tags><action id="1680553.swf" name="Standing"/><action id="1680794.swf" name="Sleeping"/><action id="1680909.swf" name="Talking"/><action id="1696921.swf" name="Look to side"/><action id="1764153.swf" name="Excited flap wings"/><action id="1764210.swf" name="Stand side"/><action id="1764293.swf" name="walk"/><action id="1764375.swf" name="Jump"/><action id="3786391.swf" name="Backview talking"/><action id="132008268.swf" name="walk and talk"/><action id="132785152.swf" name="Talk side"/></char>
						<char id="1687173" name="BLUE DALEK" published="1" facing="left" thumb="1687174.swf" default="1687174.swf"><tags>default</tags><action id="1687174.swf" name="DEFAULT"/><action id="1687180.swf" name="exterminate "/><action id="1687184.swf" name="movehead "/><action id="1687214.swf" name="exterminate"/><action id="1731152.swf" name="bluedalek1explode"/></char>
						<char id="1757567" name="DEEPSPACENINE by solarbaby" published="1" facing="left" thumb="1757568.swf" default="1757568.swf"><tags>default</tags><action id="1757568.swf" name="DEFAULT"/><action id="1757573.swf" name="firephaser"/></char>
						<char id="1780115" name="IsoFrance" published="1" facing="left" thumb="1780116.swf" default="1780116.swf"><tags>isometrix</tags><action id="1780116.swf" name="Front - Still"/><action id="1780415.swf" name="Front - Sitting"/><action id="1780418.swf" name="Front - Talk"/><action id="1780424.swf" name="Front - Walk"/><action id="1783863.swf" name="Side - Still"/><action id="1783864.swf" name="Side - Talk"/><action id="1783865.swf" name="Side - Walk"/><action id="1783866.swf" name="Side - Sitting"/><action id="1783867.swf" name="Back - Still"/><action id="1783869.swf" name="Back - Sitting"/><action id="1783870.swf" name="Back - Walk"/><action id="1798149.swf" name="Side - Kick"/></char>
						<char id="1814132" name="Demon Biker by Charles Zippel" published="1" facing="left" thumb="1814133.swf" default="1814133.swf"><tags>biker,cz,czdemonbiker,demon,tet,tetdemonbiker</tags><action id="1814133.swf" name="Stand"/><action id="1814135.swf" name="Stand Talk"/><action id="1814136.swf" name="Walk"/><action id="1814137.swf" name="Fighting Stance"/><action id="1814140.swf" name="Energy Blast Position"/><action id="1814141.swf" name="Point Arm"/><action id="1814144.swf" name="Punch"/><action id="1814146.swf" name="Sit"/><action id="1814149.swf" name="Motorbike Only"/><action id="1814150.swf" name="Ride Motorbike Slow"/><action id="1814161.swf" name="Ride Motorbike Fast"/><action id="1814222.swf" name="Get Hit"/><action id="1814225.swf" name="Get Knocked Out"/><action id="1814226.swf" name="Knocked Out"/><action id="1835556.swf" name="Double Punch"/><action id="1839298.swf" name="Ride Motorbike stopped"/></char>
						<char id="1819715" name="Spinning Tardis by section31" published="1" facing="left" thumb="1819747.swf" default="1819747.swf"><tags>tardis  spinround</tags><action id="1819721.swf" name="phase out"/><action id="1819724.swf" name="phasein"/><action id="1819747.swf" name="spinround"/></char>
						<char id="1829278" name="Harley Quinn" published="1" facing="left" thumb="1829279.swf" default="1829279.swf"><action  id="1829279.swf" name="stand"/><action  id="1829293.swf" name="talk"/></char>
						<char id="1839603" name="IsoArgentina" published="1" facing="left" thumb="1839604.swf" default="1839604.swf"><tags>isometrix</tags><action id="1839604.swf" name="Front - Still"/><action id="1839612.swf" name="Front- Sitting"/><action id="1839613.swf" name="Front - Talk"/><action id="1839616.swf" name="Front - Walk"/><action id="1839631.swf" name="Back - Still"/><action id="1839632.swf" name="Back - Sitting"/><action id="1839633.swf" name="Back - Walk"/><action id="1839645.swf" name="Side - Walk"/><action id="1839646.swf" name="Side - Kick"/><action id="1839647.swf" name="Side - Sitting"/><action id="1839648.swf" name="Side - Still"/><action id="1839649.swf" name="Side - Talk"/></char><char id="1780115" enc_asset_id="0N-MhMzJLPOI" name="IsoFrance" published="1" facing="left" thumb="1780116.swf" default="1780116.swf"><tags>isometrix</tags><action id="1780116.swf" name="Front - Still"/><action id="1780415.swf" name="Front - Sitting"/><action id="1780418.swf" name="Front - Talk"/><action id="1780424.swf" name="Front - Walk"/><action id="1783863.swf" name="Side - Still"/><action id="1783864.swf" name="Side - Talk"/><action id="1783865.swf" name="Side - Walk"/><action id="1783866.swf" name="Side - Sitting"/><action id="1783867.swf" name="Back - Still"/><action id="1783869.swf" name="Back - Sitting"/><action id="1783870.swf" name="Back - Walk"/><action id="1798149.swf" name="Side - Kick"/></char>
						<char id="1856666" name="lampost" published="1" facing="left" thumb="1856667.swf" default="1856667.swf"><tags>default</tags><action id="1856667.swf" name="default"/><action id="1856670.swf" name="on"/><action id="1856678.swf" name="shine on"/><action id="1856680.swf" name="shine off"/><action id="1856697.swf" name="flicker"/><action id="1856718.swf" name="shine"/></char>
						<char id="1867628" name="MUTANTDALEK by solarbaby" published="1" facing="left" thumb="1867629.swf" default="1867629.swf"><tags>mutant dalekdead</tags><action id="1867629.swf" name="mutant dalekdead"/><action id="1867631.swf" name="MOVING"/></char>
						<char id="1885278" name="Police Car" published="1" facing="left" thumb="1885279.swf" default="1885279.swf"><tags>car,police,p&#xF3;lice,tet,tetpolicecar</tags><action id="1885279.swf" name="Parked"/><action id="1885281.swf" name="Cruising"/><action id="1885286.swf" name="Pursuit"/><action id="1885287.swf" name="Credit"/></char> 
						<char id="1892366" name="i-Iso" published="1" facing="left" thumb="1892367.swf" default="1892367.swf"><tags>isometrix</tags><action id="1892367.swf" name="Front - Still"/><action id="1892384.swf" name="Front - Talk"/><action id="1892387.swf" name="Front - Walk"/><action id="1892393.swf" name="Front - Sitting"/><action id="1892437.swf" name="Front - Point"/></char><char id="1839603" enc_asset_id="0O9UlYD68URI" name="IsoArgentina" published="1" facing="left" thumb="1839604.swf" default="1839604.swf"><tags>isometrix</tags><action id="1839604.swf" name="Front - Still"/><action id="1839612.swf" name="Front- Sitting"/><action id="1839613.swf" name="Front - Talk"/><action id="1839616.swf" name="Front - Walk"/><action id="1839631.swf" name="Back - Still"/><action id="1839632.swf" name="Back - Sitting"/><action id="1839633.swf" name="Back - Walk"/><action id="1839645.swf" name="Side - Walk"/><action id="1839646.swf" name="Side - Kick"/><action id="1839647.swf" name="Side - Sitting"/><action id="1839648.swf" name="Side - Still"/><action id="1839649.swf" name="Side - Talk"/></char>
						<char id="1892845" name="Riddler" published="1" facing="left" thumb="1892848.swf" default="1892848.swf"><action  id="1892848.swf" name="talk"/></char>
						<char id="1894754" name="shuttlebay by solarbaby" published="1" facing="left" thumb="1894755.swf" default="1894755.swf"><tags>shuttlebay</tags><action id="1894755.swf" name="closed"/><action id="1894770.swf" name="opening"/><action id="1894772.swf" name="closing"/><action id="1894828.swf" name="opened"/><action id="57503006.swf" name="shuttle in hangar"/><action id="57504422.swf" name="shuttle hangar retract"/><action id="80107000.swf" name="shuttlebay rear"/></char>
						<char id="1905326" name="EXCELSIOR BELOW" published="1" facing="left" thumb="1905327.swf" default="1905327.swf"><tags>excelsior dorsla default</tags><action id="1905327.swf" name="excelsior dorsla default"/><action id="1905328.swf" name=" torpedos"/></char>
						<char id="1925052" name="KTINGA FRONT by solarbaby" published="1" facing="left" thumb="1925053.swf" default="1925053.swf"><tags>default</tags><action id="1925053.swf" name=" DEFAULT"/><action id="1925057.swf" name="DE CLOAK"/><action id="1925066.swf" name="KTINGA CLOAK"/><action id="1925121.swf" name="KTINGA FRONT TORPEDOLIGHT"/><action id="4323301.swf" name=" SPIN WARP OUT"/></char>
						<char id="1955670" name="Wolfman" published="1" facing="left" thumb="1955672.swf" default="1955672.swf"><tags>wolfman</tags><action id="1955671.swf" name="wolf crouch 1"/><action id="1955672.swf" name="wolf standy"/><action id="1955673.swf" name="wolf standy silhouette"/><action id="1955674.swf" name="wolf 1 squash and overlap"/><action id="1955675.swf" name="wolf back 1"/><action id="1955677.swf" name="wolf back 2"/><action id="1955679.swf" name="wolf back 3"/><action id="1955680.swf" name="wolf back 4"/><action id="1955684.swf" name="wolf eye squinty"/><action id="1955687.swf" name="wolf runcycle"/><action id="1955695.swf" name="wolf runcycle silhouette"/><action id="1955700.swf" name="wolf slow jaw open"/></char>
						<char id="1969493" name="CATHERINE WHEELS" published="1" facing="left" thumb="1969534.swf" default="1969534.swf"><tags>default</tags><action id="1969495.swf" name="move"/><action id="1969520.swf" name="spinaround"/><action id="1969534.swf" name="default"/><action id="1969570.swf" name=" fire energy blast"/><action id="1969571.swf" name=" fire energy blast still"/><action id="1969612.swf" name=" car park"/><action id="1969615.swf" name=" transmogrify"/></char>
						<char id="1973023" name="MILLENIUM FALCON " published="1" facing="left" thumb="1973024.swf" default="1973024.swf"><tags>default</tags><action id="1973024.swf" name="DEFAULT"/><action id="1973027.swf" name=" LASERZ"/></char>
						<char id="1978343" name="Filliblustes Scorpion gunship" published="1" facing="left" thumb="1978344.swf" default="1978344.swf"><tags>default</tags><action id="1978344.swf" name="default"/><action id="1979163.swf" name=" flying"/><action id="1984354.swf" name="missiles"/></char>
						<char id="2179798" name="Chaostoons Wolfman" published="1" facing="left" thumb="2179814.swf" default="2179814.swf"><tags>chaostoon wolfman</tags><action id="2179800.swf" name="Wolf Step Forward"/><action id="2179802.swf" name="Wolf Back Breathing"/><action id="2179803.swf" name="Wolf Look Over Shoulder"/><action id="2179804.swf" name="Wolf Scary Look"/><action id="2179806.swf" name="Wolf Howl All Fours"/><action id="2179808.swf" name="Wolf Howl All Fours Night"/><action id="2179809.swf" name="Wolf Eye Squint"/><action id="2179810.swf" name="Wolf Running"/><action id="2179812.swf" name="Wolf Running Night"/><action id="2179813.swf" name="Wolf Dramatic Jaw Open"/><action id="2179814.swf" name="Wolf Standing"/><action id="2179815.swf" name="Wolf Howl Standing"/><action id="2179820.swf" name="Wolf Howl Standing Night"/><action id="2179826.swf" name="Wolf Walking"/></char>
						<char id="2634795" name="ENT TOP OBLIQUE by solarbaby" published="1" facing="left" thumb="2634796.swf" default="2634796.swf"><tags>default</tags><action id="2634796.swf" name="DEFAULT"/><action id="2634802.swf" name="sheilds up"/><action id="2634814.swf" name="sheilds down"/><action id="2634826.swf" name="sheild on"/><action id="2634902.swf" name=" continuous  torpedo"/><action id="2634931.swf" name="fire 1 torpedo"/><action id="4714269.swf" name="sheild on fire side phasers"/><action id="23699210.swf" name=" ZOOM"/><action id="24755852.swf" name=" shield on fire side phasers"/><action id="58555786.swf" name="escape pods"/></char>
						<char id="2665444" name="ROM BOP by solarbaby" published="1" facing="left" thumb="2665445.swf" default="2665445.swf"><tags>default</tags><action id="2665445.swf" name=" DEFAULT"/><action id="2665458.swf" name=" decloak"/><action id="2665466.swf" name="cloak"/><action id="2672400.swf" name="TORPEDOS"/><action id="5096801.swf" name="ROM BOP EXPLODE"/></char>
						<char id="2953867" name="bop front by solarbaby" published="1" facing="left" thumb="2953868.swf" default="2953868.swf"><tags>default</tags><action id="2953868.swf" name="default"/><action id="5093729.swf" name=" front torpedos"/><action id="5097281.swf" name="bop front explode"/></char>
						<char id="2954524" name="BOP SIDE by solarbaby" published="1" facing="left" thumb="2954525.swf" default="2954525.swf"><tags>default</tags><action id="2954525.swf" name=" default"/><action id="5092273.swf" name="bop side torpedos"/><action id="5096192.swf" name="bop side explode"/></char>
						<char id="2959056" name="BOP AFT  by solarbaby" published="1" facing="left" thumb="2959057.swf" default="2959057.swf"><tags>default</tags><action id="2959057.swf" name=" default"/><action id="5073941.swf" name="bop AFT fire torpedos"/></char>
						<char id="3249729" name="ENTERPRISE FRONT" published="1" facing="left" thumb="3249730.swf" default="3249730.swf"><tags>default</tags><action id="3249730.swf" name="default"/></char>
						<char id="3473744" name="OBERTH by solarbaby" published="1" facing="left" thumb="3473745.swf" default="3473745.swf"><tags>default</tags><action id="3473745.swf" name="default"/><action id="3479049.swf" name=" fire weapons"/><action id="3479178.swf" name="OBERTH "/></char>
						<char id="4324159" name="KTINGA SIDE OBLIQUE by solarbaby" published="1" facing="left" thumb="4324160.swf" default="4324160.swf"><tags>default</tags><action id="4324160.swf" name="DEFAULT"/><action id="4324488.swf" name=" PHASE OUT"/><action id="16409892.swf" name="cloak"/><action id="16410249.swf" name="Decloak"/><action id="16412240.swf" name="torpedoes"/></char>
						<char id="4645322" name="ENTERPRISE AFT by solarbaby" published="1" facing="left" thumb="4645323.swf" default="4645323.swf"><tags>enterprise aft default</tags><action id="4645323.swf" name="enterprise aft default"/><action id="4645345.swf" name="enterprise aft fire phasers"/><action id="4675082.swf" name="fire phasers torps"/><action id="4675084.swf" name="fire torps"/><action id="4753097.swf" name="shuttle leave"/><action id="4753110.swf" name="shuttle land"/><action id="4753942.swf" name="shuttle doors close"/><action id="5043080.swf" name="ent aft fire top phasers"/><action id="23597553.swf" name="ent aft going to warp"/><action id="24227886.swf" name="enterprise aft fire phasers torps sound"/><action id="50132269.swf" name="leaking warp plasma"/><action id="50132346.swf" name="damaged nacelle"/><action id="53863841.swf" name="enterprise aft shuttle decompress"/><action id="56563035.swf" name="shuttle approachandland"/><action id="79490714.swf" name="enterprise aft OMEGA FLASH"/></char>
						<char id="4754587" name="GALILEO AFT by solarbaby" published="1" facing="left" thumb="4754588.swf" default="4754588.swf"><tags>aft default</tags><action id="4754588.swf" name=" AFT DEFAULT"/><action id="4754658.swf" name="WARP OUT"/><action id="4795386.swf" name="burn up"/><action id="4878559.swf" name="crashedaft"/></char>
						<char id="6883884" name="DEFIANTTEST" published="1" facing="left" thumb="6883885.swf" default="6883885.swf"><tags>default</tags><action id="6883885.swf" name="DEFAULT"/><action id="6883900.swf" name="PHASERS"/></char>
						<char id="8567641" name="Karl" published="1" facing="left" thumb="8567642.swf" default="8567642.swf"><tags>standing</tags><action id="8567642.swf" name="Standing"/></char>
						<char id="8981490" name="Horse Gallop" published="1" facing="left" thumb="8981491.swf" default="8981491.swf"><tags>sweetgallop</tags><action id="8981491.swf" name="Horse Test"/></char>
						<char id="9680294" name="tardis controls by solarbaby" published="1" facing="left" thumb="9680295.swf" default="9680295.swf"><tags>tardis controls</tags><action id="9680295.swf" name="tardis controls"/><action id="9680329.swf" name="tardis controlsoff"/></char>
						<char id="9729292" name="USS REPUBLIC" published="1" facing="left" thumb="9729535.swf" default="9729535.swf"><tags>default</tags><action id="9729293.swf" name=" Default"/><action id="9729535.swf" name=" ventral"/><action id="9729890.swf" name=" aft PHASERS"/><action id="9732465.swf" name="aft torpedos"/></char>
						<char id="10592575" name="Goomba" published="1" facing="left" thumb="10592576.swf" default="10592576.swf"><tags>goomba,nicolas</tags><action id="10592576.swf" name="Stand"/><action id="10592621.swf" name="Walk"/><action id="10596740.swf" name="Walk - slower"/><action id="10596843.swf" name="Blink"/><action id="16295157.swf" name="Squashed"/><action id="16295252.swf" name="SquashedWalk"/><action id="16295297.swf" name="UnSquashed"/><action id="16295786.swf" name="SquashedToDeath"/><action id="16297426.swf" name="Talk"/></char>
						<char id="13828229" name="Chaostoons Sonic" published="1" facing="left" thumb="13828231.swf" default="13828231.swf"><tags>aprilfoolsday2011</tags><action id="13828231.swf" name="APRILFOOLSDAY2011"/></char>
						<char id="14187548" name="Hidden Sonic 2" published="1" facing="left" thumb="14187550.swf" default="14187550.swf"><tags>sonic joke2</tags><action id="14187550.swf" name="Sonic Joke2"/></char>
						<char id="15505243" name="Supergirl" published="1" facing="left" thumb="15505244.swf" default="15505244.swf"><action id="15505244.swf" name="stand"/><action id="15505295.swf" name="talk"/></char>
						<char id="15536357" name="Superboy" published="1" facing="left" thumb="15537454.swf" default="15537454.swf"><action id="15537454.swf" name="talk"/></char>
						<char id="16378923" name="bop aft flat by solarbaby" published="1" facing="left" thumb="16378924.swf" default="16378924.swf"><tags>defualt</tags><action id="16378924.swf" name="defualt"/><action id="16379173.swf" name="cloak"/><action id="16380462.swf" name="decloak"/></char>
						<char id="23281499" name="Larry the lobster-he&amp;#039;s not gay!" published="1" facing="left" thumb="23281708.swf" default="23281708.swf"><action id="23281708.swf" name="dance"/></char>
						<char id="33396776" name="mouth_001" published="1" facing="left" thumb="33396777.swf" default="33396777.swf"><action id="33396777.swf" name="stand"/></char>
						<char id="33396792" name="mouth_002" published="1" facing="left" thumb="33396793.swf" default="33396793.swf"><action id="33396793.swf" name="mouth_002"/></char>
						<char id="ios" name="ios" published="1" facing="left" thumb="ios.swf" default="ios.swf"><action id="ios.swf" name="stand"/></char>
						<char id="android" name="android" published="1" facing="left" thumb="android.swf" default="android.swf"><action id="android.swf" name="stand"/></char>
						<char id="elephant" name="elephant" published="1" facing="left" thumb="stand.swf" default="stand.swf"><action id="stand.swf" name="stand"/></char>
						<char id="giraffe" name="giraffe" published="1" facing="left" thumb="stand.swf" default="stand.swf"><action id="stand.swf" name="stand"/></char>
						<char id="hippo" name="hippo" published="1" facing="left" thumb="stand.swf" default="stand.swf"><action id="stand.swf" name="stand"/></char>
						<char id="wildpig" name="wildpig" published="1" facing="left" thumb="stand.swf" default="stand.swf"><action id="stand.swf" name="stand"/></char>
						<char id="zebra" name="zebra" published="1" facing="left" thumb="stand.swf" default="stand.swf"><action id="stand.swf" name="stand"/></char>
						<char id="48699994" name="PezSpock" published="1" facing="left" thumb="48699995.swf" default="48699995.swf"><tags>star trek</tags><action id="48699995.swf" name="Default"/></char>
						<char id="48700020" name="PezKirk" published="1" facing="left" thumb="48700021.swf" default="48700021.swf"><tags>star trek</tags><action id="48700021.swf" name="Default"/></char>
						<char id="48700045" name="PezNicolas" published="1" facing="left" thumb="48700046.swf" default="48700046.swf"><tags>nicolas,nicol&#xE1;s</tags><action id="48700046.swf" name="Default"/></char>
						<char id="66709814" name="Knuckles by Johnny Hotdog" published="1" facing="left" thumb="66709815.swf" default="66709815.swf"><tags>jhcharacters</tags><action id="66709815.swf" name="Knuckles"/><action id="66709876.swf" name="knuckles_ball"/><action id="66709921.swf" name="knuckles_ball_running"/><action id="66709932.swf" name="knuckles_run"/><action id="66709960.swf" name="knuckles_run2"/><action id="66709967.swf" name="knuckles_standby"/></char>
						<char id="66712491" name="Darth Vader by Johnny Hotdog" published="1" facing="left" thumb="66712492.swf" default="66712492.swf"><tags>jhcharacters</tags><action id="66712492.swf" name="Darth Vader"/><action id="66712510.swf" name="darthvader_back"/><action id="66712570.swf" name="darthvader_back_slash"/><action id="66712584.swf" name="darthvader_back_slash_2"/><action id="66712591.swf" name="darthvader_psy"/><action id="66712641.swf" name="darthvader_front_slash"/><action id="66712759.swf" name="darthvader_walk"/></char>
						<char id="66713375" name="Dr.Eggman by Johnny Hotdog" published="1" facing="left" thumb="66713376.swf" default="66713376.swf"><tags>jhcharacters</tags><action id="66713376.swf" name="eggman_facefront"/><action id="66713389.swf" name="eggman_faceright"/></char>
						<char id="72551015" name="golden gate bridge by solarbaby" published="1" facing="left" thumb="72551017.swf" default="72551017.swf"><tags>default</tags><action id="72551017.swf" name="default"/><action id="72552392.swf" name="blurry"/><action id="72552795.swf" name="night"/><action id="72554839.swf" name="moving traffic"/></char>
						<char id="80552677" name="artoo by solarbaby" published="1" facing="left" thumb="80552678.swf" default="80552678.swf"><tags>default</tags><action id="80552678.swf" name="DEFAULT"/><action id="80552854.swf" name="ANGRY"/><action id="80553107.swf" name="TILT BACKWARDS"/><action id="80554100.swf" name="HEAD SPIN"/><action id="80554349.swf" name="hologram"/><action id="80554599.swf" name="OIL SLICK"/><action id="80556335.swf" name="ELECTRIC SHOCK"/></char>
						<char id="87303429" enc_asset_id="0l10f2tqQDPA" name="Sonic by Chaostoon" published="1" facing="left" thumb="87305017.swf" default="87305017.swf"><tags>chaostoon</tags><action id="87303430.swf" name="Ball Rolling"/><action id="87303987.swf" name="Eat a Chilidog"/><action id="87304035.swf" name="Run 3"/><action id="87304062.swf" name="Homing"/><action id="87304085.swf" name="Homing Attack"/><action id="87304104.swf" name="Kick"/><action id="87304308.swf" name="Punch"/><action id="87304380.swf" name="Revv up Rolling Ball"/><action id="87304409.swf" name="Run 1"/><action id="87304503.swf" name="Stop"/><action id="87304548.swf" name="Spinball"/><action id="87304585.swf" name="Standing"/><action id="87304647.swf" name="Super Sonic flying"/><action id="87304677.swf" name="Angry"/><action id="87304739.swf" name="Happy"/><action id="87304775.swf" name="Laugh"/><action id="87304820.swf" name="Taunt"/><action id="87304851.swf" name="Thumbs Up"/><action id="87304920.swf" name="Super Sonic Transform"/><action id="87304942.swf" name="Super Sonic Transform Back"/><action id="87304960.swf" name="Turn into Spinball"/><action id="87305017.swf" name="Waiting"/><action id="87306283.swf" name="Run 2"/></char></theme>